date,impressions,page_clicks,paid_clicks,blocked_clicks,revenue,ad_spend,gross_profit,ctr,roas,cpc,cpa,rpc,profit_margin
2020-01-01,649,383,323,60,1833.5977524721393,360.46197848663894,1473.1357739855002,0.5901,5.0868,1.116,0.9412,5.6768,0.8034
2020-01-02,480,308,214,94,1421.9880754248884,216.97891264791173,1205.0091627769766,0.6417,6.5536,1.0139,0.7045,6.6448,0.8474
2020-01-03,43,11,4,7,16.851421372049874,93.77050400090374,-76.91908262885387,0.2558,0.1797,23.4426,8.5246,4.2129,-4.5645
2020-01-04,782,149,84,65,679.074041429724,215.15954260507092,463.9144988246531,0.1905,3.1561,2.5614,1.444,8.0842,0.6832
2020-01-05,500,279,194,85,826.5270107360083,505.3876011619404,321.1394095740679,0.558,1.6354,2.6051,1.8114,4.2604,0.3885
2020-01-06,712,192,94,98,566.8340195393182,253.25812651919057,313.57589302012764,0.2697,2.2382,2.6942,1.3191,6.0301,0.5532
2020-01-07,617,611,544,67,3027.9129660235335,215.82703425258768,2812.085931770946,0.9903,14.0293,0.3967,0.3532,5.566,0.9287
2020-01-08,510,466,395,71,1092.0885247772226,341.23105884676784,750.8574659304547,0.9137,3.2004,0.8639,0.7323,2.7648,0.6875
2020-01-09,378,289,195,94,732.1714908363016,336.8597869799429,395.3117038563587,0.7646,2.1735,1.7275,1.1656,3.7547,0.5399
2020-01-10,311,102,43,59,379.4883417109715,303.9853725228544,75.50296918811716,0.328,1.2484,7.0694,2.9802,8.8253,0.199
2020-01-11,669,568,487,81,1685.0296632196666,581.3587394828081,1103.6709237368586,0.849,2.8984,1.1938,1.0235,3.46,0.655
2020-01-12,470,411,323,88,1725.208634517281,342.1601045565511,1383.0485299607303,0.8745,5.0421,1.0593,0.8325,5.3412,0.8017
2020-01-13,352,192,96,96,575.7893580352696,275.07566340252157,300.71369463274806,0.5455,2.0932,2.8654,1.4327,5.9978,0.5223
2020-01-14,797,570,490,80,2677.428020056778,285.94023077020927,2391.487789286569,0.7152,9.3636,0.5836,0.5016,5.4641,0.8932
2020-01-15,449,439,376,63,967.6593627557576,429.3790523621552,538.2803103936025,0.9777,2.2536,1.142,0.9781,2.5736,0.5563
2020-01-16,472,136,44,92,453.0958332262922,209.84819543890424,243.24763778738796,0.2881,2.1592,4.7693,1.543,10.2976,0.5369
2020-01-17,715,449,359,90,1102.7901604683168,304.3908128884595,798.3993475798572,0.628,3.6229,0.8479,0.6779,3.0718,0.724
2020-01-18,674,654,584,70,1667.4975323222293,255.63034657310473,1411.8671857491245,0.9703,6.5231,0.4377,0.3909,2.8553,0.8467
2020-01-19,496,167,74,93,737.4250942214029,259.1010055008981,478.3240887205048,0.3367,2.8461,3.5014,1.5515,9.9652,0.6486
2020-01-20,495,398,333,65,1553.0209953795,263.5452111701786,1289.475784209321,0.804,5.8928,0.7914,0.6622,4.6637,0.8303
2020-01-21,523,141,51,90,565.5625661242636,261.44074485182335,304.1218212724403,0.2696,2.1633,5.1263,1.8542,11.0895,0.5377
2020-01-22,36,11,8,3,11.47344825983785,85.15077233780013,-73.67732407796228,0.3056,0.1347,10.6438,7.741,1.4342,-6.4216
2020-01-23,511,466,394,72,1169.923280908764,376.76521237000475,793.1580685387594,0.9119,3.1052,0.9563,0.8085,2.9693,0.678
2020-01-24,714,515,430,85,1244.7764806385053,318.2272710628981,926.5492095756072,0.7213,3.9116,0.7401,0.6179,2.8948,0.7443
2020-01-25,458,236,146,90,832.376859433048,513.3594765270116,319.01738290603646,0.5153,1.6214,3.5162,2.1753,5.7012,0.3833
2020-01-26,701,251,188,63,788.3859190759888,478.50772489258657,309.87819418340223,0.3581,1.6476,2.5453,1.9064,4.1935,0.3931
2020-01-27,405,111,20,91,275.5823337887172,505.6008529594829,-230.01851917076567,0.2741,0.5451,25.28,4.555,13.7791,-0.8347
2020-01-28,421,421,321,100,1130.9273944815088,257.596490219009,873.3309042624999,1.0,4.3903,0.8025,0.6119,3.5231,0.7722
2020-01-29,606,397,337,60,1607.8567220955017,236.82345373219923,1371.0332683633023,0.6551,6.7893,0.7027,0.5965,4.7711,0.8527
2020-01-30,447,384,292,92,1607.6179184904029,256.1004521025007,1351.5174663879022,0.8591,6.2773,0.8771,0.6669,5.5055,0.8407
2020-01-31,653,144,72,72,435.4834808463741,305.8133604186131,129.670120427761,0.2205,1.424,4.2474,2.1237,6.0484,0.2978
2020-02-01,452,437,345,92,1747.9700377599409,565.3602574241686,1182.6097803357725,0.9668,3.0918,1.6387,1.2937,5.0666,0.6766
2020-02-02,534,407,320,87,1230.5962193132764,244.17379388365904,986.4224254296172,0.7622,5.0398,0.763,0.5999,3.8456,0.8016
2020-02-03,778,439,380,59,1283.1562790350097,366.3087949655345,916.8474840694752,0.5643,3.5029,0.964,0.8344,3.3767,0.7145
2020-02-04,465,241,167,74,1199.6342301840791,435.3360544535551,764.2981757305242,0.5183,2.7557,2.6068,1.8064,7.1834,0.6371
2020-02-05,33,27,21,6,34.501194971117314,42.14348784472768,-7.642292873610366,0.8182,0.8187,2.0068,1.5609,1.6429,-0.2215
2020-02-06,510,464,381,83,1912.7146996132344,260.1960239105158,1652.5186757027184,0.9098,7.3511,0.6829,0.5608,5.0202,0.864
2020-02-07,360,170,83,87,415.41150570517794,300.0572110285243,115.35429467665364,0.4722,1.3844,3.6151,1.765,5.005,0.2777
2020-02-08,11,11,9,2,5.643728711795846,32.99855745435136,-27.35482874255551,1.0,0.171,3.6665,2.9999,0.6271,-4.8469
2020-02-09,608,179,126,53,539.197342627587,476.3320622252812,62.86528040230576,0.2944,1.132,3.7804,2.6611,4.2793,0.1166
2020-02-10,356,181,129,52,656.5409350827358,508.6815952998917,147.85933978284413,0.5084,1.2907,3.9433,2.8104,5.0895,0.2252
2020-02-11,504,463,373,90,1779.1305893383756,239.646071948102,1539.4845173902736,0.9187,7.424,0.6425,0.5176,4.7698,0.8653
2020-02-12,398,108,38,70,478.8672675467269,384.89943405994745,93.96783348677944,0.2714,1.2441,10.1289,3.5639,12.6018,0.1962
2020-02-13,23,15,9,6,29.835401583132185,47.792957088619616,-17.95755550548743,0.6522,0.6243,5.3103,3.1862,3.315,-0.6019
2020-02-14,26,18,10,8,30.072878179877293,37.32533237892332,-7.252454199046028,0.6923,0.8057,3.7325,2.0736,3.0073,-0.2412
2020-02-15,402,152,92,60,391.4757371554153,458.85427239347007,-67.37853523805478,0.3781,0.8532,4.9875,3.0188,4.2552,-0.1721
2020-02-16,437,297,197,100,1195.2727343937163,482.2598105482881,713.0129238454284,0.6796,2.4785,2.448,1.6238,6.0674,0.5965
2020-02-17,601,419,353,66,1320.5555399370396,440.1993740222302,880.3561659148095,0.6972,2.9999,1.247,1.0506,3.741,0.6667
2020-02-18,771,691,612,79,1603.143236393977,383.0400967232203,1220.1031396707567,0.8962,4.1853,0.6259,0.5543,2.6195,0.7611
2020-02-19,703,411,342,69,1661.2896119297911,366.1387709469375,1295.1508409828537,0.5846,4.5373,1.0706,0.8908,4.8576,0.7796
2020-02-20,351,160,107,53,461.7498662851681,245.39490631424363,216.35495997092443,0.4558,1.8817,2.2934,1.5337,4.3154,0.4686
2020-02-21,596,348,280,68,1492.2453034992473,583.6779712489598,908.5673322502874,0.5839,2.5566,2.0846,1.6772,5.3294,0.6089
2020-02-22,677,288,237,51,1018.59387325981,367.8241616625786,650.7697115972313,0.4254,2.7692,1.552,1.2772,4.2979,0.6389
2020-02-23,38,12,3,9,7.899136909425124,47.198988577837376,-39.29985166841225,0.3158,0.1674,15.733,3.9332,2.633,-4.9752
2020-02-24,430,193,116,77,943.6466278246183,463.1913672504466,480.45526057417186,0.4488,2.0373,3.993,2.4,8.1349,0.5091
2020-02-25,490,132,46,86,300.2424060776127,225.7177755279528,74.52463054965989,0.2694,1.3302,4.9069,1.71,6.527,0.2482
2020-02-26,475,466,372,94,2137.504315580669,370.1372467069287,1767.3670688737402,0.9811,5.7749,0.995,0.7943,5.746,0.8268
2020-02-27,499,370,270,100,1405.5402227672523,368.922012024771,1036.618210742481,0.7415,3.8099,1.3664,0.9971,5.2057,0.7375
2020-02-28,479,389,329,60,1081.9275825714249,397.5417110217117,684.3858715497131,0.8121,2.7215,1.2083,1.022,3.2885,0.6326
2020-02-29,42,14,10,4,20.826399950793764,33.83361903430257,-13.007219083508808,0.3333,0.6156,3.3834,2.4167,2.0826,-0.6246
2020-03-01,638,599,540,59,1893.723873911172,248.19461541837595,1645.529258492796,0.9389,7.63,0.4596,0.4143,3.5069,0.8689
2020-03-02,19,11,8,3,8.34604206281998,33.42293054743652,-25.076888484616543,0.5789,0.2497,4.1779,3.0384,1.0433,-3.0046
2020-03-03,301,275,215,60,975.5251083211514,271.23711042778916,704.2879978933622,0.9136,3.5966,1.2616,0.9863,4.5373,0.722
2020-03-04,413,327,272,55,1135.623403673142,458.7738100605992,676.8495936125429,0.7918,2.4753,1.6867,1.403,4.1751,0.596
2020-03-05,612,573,507,66,1806.5665757328725,252.2543323562425,1554.31224337663,0.9363,7.1617,0.4975,0.4402,3.5632,0.8604
2020-03-06,440,101,14,87,498.56368490665,307.90798591426216,190.65569899238784,0.2295,1.6192,21.9934,3.0486,35.6117,0.3824
2020-03-07,495,266,182,84,658.3647300717339,448.82362381731446,209.54110625441945,0.5374,1.4669,2.4661,1.6873,3.6174,0.3183
2020-03-08,428,298,235,63,1209.059143490976,275.6271117348757,933.4320317561004,0.6963,4.3866,1.1729,0.9249,5.1449,0.772
2020-03-09,676,364,274,90,1289.0278803862905,309.8477365797063,979.1801438065842,0.5385,4.1602,1.1308,0.8512,4.7045,0.7596
2020-03-10,485,228,162,66,1124.196429342322,342.26384664066137,781.9325827016607,0.4701,3.2846,2.1127,1.5012,6.9395,0.6955
2020-03-11,568,430,332,98,1271.9023129824825,522.5301795976663,749.3721333848159,0.757,2.4341,1.5739,1.2152,3.831,0.5892
2020-03-12,329,267,175,92,925.9345525688595,371.73784765092296,554.1967049179367,0.8116,2.4908,2.1242,1.3923,5.2911,0.5985
2020-03-13,570,196,127,69,659.8633947395377,425.8826008792721,233.9807938602657,0.3439,1.5494,3.3534,2.1729,5.1958,0.3546
2020-03-14,302,154,73,81,502.01741565398135,371.4001609088178,130.61725474516356,0.5099,1.3517,5.0877,2.4117,6.877,0.2602
2020-03-15,588,221,143,78,594.0589278257214,597.499837235295,-3.440909409573578,0.3759,0.9942,4.1783,2.7036,4.1543,-0.0058
2020-03-16,795,260,169,91,576.2420588536364,598.3277545022689,-22.08569564863251,0.327,0.9631,3.5404,2.3013,3.4097,-0.0383
2020-03-17,27,22,19,3,12.31380797032664,71.65726955002032,-59.343461579693674,0.8148,0.1718,3.7714,3.2571,0.6481,-4.8193
2020-03-18,655,480,385,95,2356.6287020101413,374.1289387957885,1982.4997632143527,0.7328,6.299,0.9718,0.7794,6.1211,0.8412
2020-03-19,653,268,215,53,1326.8106442066453,211.93269107673876,1114.8779531299065,0.4104,6.2605,0.9857,0.7908,6.1712,0.8403
2020-03-20,634,270,172,98,1194.7285266566814,515.7397576673868,678.9887689892946,0.4259,2.3165,2.9985,1.9101,6.9461,0.5683
2020-03-21,24,20,18,2,13.708803539721446,70.1854462195545,-56.47664267983306,0.8333,0.1953,3.8992,3.5093,0.7616,-4.1197
2020-03-22,795,145,82,63,480.8484644938762,460.944178149738,19.9042863441382,0.1824,1.0432,5.6213,3.1789,5.864,0.0414
2020-03-23,38,11,8,3,19.02684935906432,10.62141194603094,8.405437413033379,0.2895,1.7914,1.3277,0.9656,2.3784,0.4418
2020-03-24,33,19,11,8,24.60626320636672,18.733660140106995,5.872603066259725,0.5758,1.3135,1.7031,0.986,2.2369,0.2387
2020-03-25,572,303,227,76,1077.0191387165153,588.3714694178103,488.64766929870495,0.5297,1.8305,2.5919,1.9418,4.7446,0.4537
2020-03-26,749,182,105,77,548.973238940247,511.214899350967,37.75833958928001,0.243,1.0739,4.8687,2.8089,5.2283,0.0688
2020-03-27,33,13,10,3,7.98159642504103,19.68432454096652,-11.702728115925492,0.3939,0.4055,1.9684,1.5142,0.7982,-1.4662
2020-03-28,454,185,129,56,740.7653976956252,305.7471006967557,435.0182969988695,0.4075,2.4228,2.3701,1.6527,5.7424,0.5873
2020-03-29,399,309,222,87,1083.801443578909,372.9975450785022,710.8038985004065,0.7744,2.9057,1.6802,1.2071,4.882,0.6558
2020-03-30,21,21,11,10,26.036445908342408,90.75496197384956,-64.71851606550717,1.0,0.2869,8.2505,4.3217,2.3669,-2.4857
2020-03-31,735,502,416,86,1435.8100124173825,316.2646581667175,1119.5453542506648,0.683,4.5399,0.7603,0.63,3.4515,0.7797
2020-04-01,404,205,138,67,552.7402301910993,450.2566986599852,102.48353153111408,0.5074,1.2276,3.2627,2.1964,4.0054,0.1854
2020-04-02,29,17,11,6,32.795086619386424,79.67954825761969,-46.88446163823326,0.5862,0.4116,7.2436,4.687,2.9814,-1.4296
2020-04-03,324,252,152,100,1108.4580695304903,378.3695516153494,730.088517915141,0.7778,2.9296,2.4893,1.5015,7.2925,0.6587
2020-04-04,746,714,648,66,1430.387842822941,370.1499806228017,1060.2378622001393,0.9571,3.8643,0.5712,0.5184,2.2074,0.7412
2020-04-05,414,148,85,63,466.3995130104856,393.6282929113143,72.77122009917127,0.3575,1.1849,4.6309,2.6597,5.4871,0.156
2020-04-06,630,489,402,87,2115.92783751307,224.97825840909297,1890.9495791039767,0.7762,9.405,0.5596,0.4601,5.2635,0.8937
2020-04-07,438,237,173,64,556.2981033336158,557.3664723148968,-1.068368981280969,0.5411,0.9981,3.2218,2.3518,3.2156,-0.0019
2020-04-08,786,153,63,90,680.9254111590703,510.8174913101322,170.10791984893814,0.1947,1.333,8.1082,3.3387,10.8083,0.2498
2020-04-09,470,145,71,74,325.6624522268521,460.20787815823104,-134.54542593137893,0.3085,0.7076,6.4818,3.1738,4.5868,-0.4131
2020-04-10,367,143,81,62,384.3696339318871,283.372424443523,100.99720948836408,0.3896,1.3564,3.4984,1.9816,4.7453,0.2628
2020-04-11,753,524,466,58,2112.432159664605,386.1897422702912,1726.242417394314,0.6959,5.4699,0.8287,0.737,4.5331,0.8172
2020-04-12,660,300,231,69,1491.2799109245811,395.0676956029324,1096.2122153216487,0.4545,3.7747,1.7102,1.3169,6.4558,0.7351
2020-04-13,797,493,413,80,1263.4370026180154,589.218439846346,674.2185627716694,0.6186,2.1443,1.4267,1.1952,3.0592,0.5336
2020-04-14,638,568,483,85,1180.651047817301,260.54671490776343,920.104332909538,0.8903,4.5314,0.5394,0.4587,2.4444,0.7793
2020-04-15,406,378,286,92,1666.1561308946298,369.81338829976687,1296.342742594863,0.931,4.5054,1.2931,0.9783,5.8257,0.778
2020-04-16,632,510,419,91,1092.9782386779573,206.78832611822617,886.189912559731,0.807,5.2855,0.4935,0.4055,2.6085,0.8108
2020-04-17,670,528,475,53,2405.579785243436,393.61211347683286,2011.9676717666032,0.7881,6.1115,0.8287,0.7455,5.0644,0.8364
2020-04-18,762,745,652,93,2190.8948417679085,447.067535636788,1743.8273061311206,0.9777,4.9006,0.6857,0.6001,3.3603,0.7959
2020-04-19,28,28,22,6,33.296092767463705,86.2832386385605,-52.9871458710968,1.0,0.3859,3.922,3.0815,1.5135,-1.5914
2020-04-20,698,685,605,80,3328.072774233577,382.65605468760793,2945.416719545969,0.9814,8.6973,0.6325,0.5586,5.5009,0.885
2020-04-21,709,236,185,51,1096.905085808479,317.364994867831,779.540090940648,0.3329,3.4563,1.7155,1.3448,5.9292,0.7107
2020-04-22,381,187,109,78,571.5305567354511,293.797864579811,277.7326921556401,0.4908,1.9453,2.6954,1.5711,5.2434,0.4859
2020-04-23,655,307,214,93,1135.0282288704536,210.8575540212011,924.1706748492524,0.4687,5.3829,0.9853,0.6868,5.3039,0.8142
2020-04-24,365,163,73,90,413.2618092438324,448.4890850520779,-35.22727580824551,0.4466,0.9215,6.1437,2.7515,5.6611,-0.0852
2020-04-25,27,24,15,9,42.930116324383896,87.64346889126631,-44.71335256688241,0.8889,0.4898,5.8429,3.6518,2.862,-1.0415
2020-04-26,15,10,6,4,19.57743301087425,41.34927292087068,-21.771839909996434,0.6667,0.4735,6.8915,4.1349,3.2629,-1.1121
2020-04-27,745,213,127,86,474.2498589049373,457.2372125700484,17.01264633488887,0.2859,1.0372,3.6003,2.1467,3.7343,0.0359
2020-04-28,306,120,59,61,568.8243208334558,477.07544127180705,91.74887956164872,0.3922,1.1923,8.086,3.9756,9.6411,0.1613
2020-04-29,322,228,178,50,509.2847261507494,442.3017049492324,66.98302120151698,0.7081,1.1514,2.4848,1.9399,2.8612,0.1315
2020-04-30,19,11,2,9,16.263666340827587,36.80869163122625,-20.545025290398662,0.5789,0.4418,18.4043,3.3462,8.1318,-1.2632
2020-05-01,349,137,65,72,405.466804154292,267.86413461931096,137.60266953498103,0.3926,1.5137,4.121,1.9552,6.238,0.3394
2020-05-02,769,637,577,60,2722.7616080079447,581.340701682313,2141.4209063256317,0.8283,4.6836,1.0075,0.9126,4.7188,0.7865
2020-05-03,40,37,36,1,42.351495773208,71.86492970644991,-29.513433933241913,0.925,0.5893,1.9962,1.9423,1.1764,-0.6969
2020-05-04,503,203,141,62,881.3137585173221,337.7278401108142,543.5859184065079,0.4036,2.6095,2.3952,1.6637,6.2505,0.6168
2020-05-05,401,143,61,82,541.3746994687584,595.7357535626112,-54.36105409385277,0.3566,0.9087,9.7662,4.166,8.875,-0.1004
2020-05-06,665,222,146,76,697.9274662719824,498.94567318309623,198.9817930888862,0.3338,1.3988,3.4174,2.2475,4.7803,0.2851
2020-05-07,356,225,149,76,602.6676178897447,430.73792618633365,171.9296917034111,0.632,1.3992,2.8909,1.9144,4.0447,0.2853
2020-05-08,428,204,109,95,672.5655453242929,500.8207542405785,171.7447910837144,0.4766,1.3429,4.5947,2.455,6.1703,0.2554
2020-05-09,345,115,31,84,288.36472350974657,452.6328164163749,-164.26809290662834,0.3333,0.6371,14.6011,3.9359,9.3021,-0.5697
2020-05-10,346,113,14,99,428.3894553713684,319.76504411926214,108.62441125210626,0.3266,1.3397,22.8404,2.8298,30.5992,0.2536
2020-05-11,552,306,209,97,1058.815036370699,541.8375953712905,516.9774409994088,0.5543,1.9541,2.5925,1.7707,5.0661,0.4883
2020-05-12,608,257,197,60,1206.1734997738884,564.0455552460919,642.1279445277964,0.4227,2.1384,2.8632,2.1947,6.1227,0.5324
2020-05-13,505,351,299,52,909.0708713136298,548.1060680627429,360.9648032508869,0.695,1.6586,1.8331,1.5616,3.0404,0.3971
2020-05-14,595,326,227,99,1022.4577723048566,257.7770653829144,764.6807069219421,0.5479,3.9664,1.1356,0.7907,4.5042,0.7479
2020-05-15,673,240,173,67,866.8789940794367,237.2055610070753,629.6734330723614,0.3566,3.6545,1.3711,0.9884,5.0109,0.7264
2020-05-16,544,177,77,100,805.2859237923361,577.3769642107285,227.90895958160763,0.3254,1.3947,7.4984,3.262,10.4583,0.283
2020-05-17,432,308,208,100,1196.5799469376375,332.768112653476,863.8118342841615,0.713,3.5958,1.5998,1.0804,5.7528,0.7219
2020-05-18,16,12,12,0,13.093419021693554,42.36689177958943,-29.27347275789587,0.75,0.309,3.5306,3.5306,1.0911,-2.2357
2020-05-19,763,242,162,80,802.8678609607539,265.79835000485787,537.069510955896,0.3172,3.0206,1.6407,1.0983,4.956,0.6689
2020-05-20,696,198,138,60,800.5012154466748,372.0004587280165,428.5007567186583,0.2845,2.1519,2.6957,1.8788,5.8007,0.5353
2020-05-21,12,10,4,6,15.041047367852272,24.78224239340381,-9.741195025551534,0.8333,0.6069,6.1956,2.4782,3.7603,-0.6476
2020-05-22,486,399,322,77,1183.669046433483,563.4779067643351,620.1911396691476,0.821,2.1006,1.7499,1.4122,3.676,0.524
2020-05-23,22,16,6,10,11.999108576188243,81.73417798716885,-69.7350694109806,0.7273,0.1468,13.6224,5.1084,1.9999,-5.8117
2020-05-24,636,279,216,63,799.582444690246,575.801800800674,223.78064388957205,0.4387,1.3886,2.6657,2.0638,3.7018,0.2799
2020-05-25,507,380,303,77,870.3476144205015,580.3870441106869,289.96057030981456,0.7495,1.4996,1.9155,1.5273,2.8724,0.3332
2020-05-26,800,658,604,54,3136.252341202524,534.5899461907477,2601.6623950117764,0.8225,5.8667,0.8851,0.8124,5.1925,0.8295
2020-05-27,312,311,242,69,1483.8704134406237,274.0856987956791,1209.7847146449446,0.9968,5.4139,1.1326,0.8813,6.1317,0.8153
2020-05-28,557,438,371,67,1388.790011595854,521.3710900904548,867.4189215053993,0.7864,2.6637,1.4053,1.1903,3.7434,0.6246
2020-05-29,314,311,250,61,742.9883117793561,305.786287647122,437.2020241322341,0.9904,2.4298,1.2231,0.9832,2.972,0.5884
2020-05-30,375,159,60,99,355.55455572565455,255.69475919788135,99.8597965277732,0.424,1.3905,4.2616,1.6081,5.9259,0.2809
2020-05-31,644,218,165,53,829.726981895678,577.9478642391206,251.77911765655745,0.3385,1.4356,3.5027,2.6511,5.0286,0.3034
2020-06-01,798,130,33,97,608.911723716793,325.9881350495878,282.92358866720514,0.1629,1.8679,9.8784,2.5076,18.4519,0.4646
2020-06-02,49,48,45,3,34.19461668805245,20.768030006725866,13.426586681326585,0.9796,1.6465,0.4615,0.4327,0.7599,0.3927
2020-06-03,475,327,267,60,954.6851938580396,276.34581007744623,678.3393837805935,0.6884,3.4547,1.035,0.8451,3.5756,0.7105
2020-06-04,301,105,22,83,412.12593289445465,209.4353295761888,202.69060331826583,0.3488,1.9678,9.5198,1.9946,18.733,0.4918
2020-06-05,39,15,15,0,14.23809585970676,35.39106782298147,-21.15297196327471,0.3846,0.4023,2.3594,2.3594,0.9492,-1.4857
2020-06-06,755,519,456,63,2149.865821850475,324.56870694173017,1825.297114908745,0.6874,6.6238,0.7118,0.6254,4.7146,0.849
2020-06-07,512,403,326,77,1504.2439061911014,404.276606136454,1099.9673000546472,0.7871,3.7208,1.2401,1.0032,4.6142,0.7312
2020-06-08,22,10,4,6,13.790072288823092,16.136332310719123,-2.346260021896031,0.4545,0.8546,4.0341,1.6136,3.4475,-0.1701
2020-06-09,760,112,45,67,434.2123416730291,243.44462695135937,190.76771472166973,0.1474,1.7836,5.4099,2.1736,9.6492,0.4393
2020-06-10,35,11,10,1,20.79499206548223,27.748837324785192,-6.9538452593029625,0.3143,0.7494,2.7749,2.5226,2.0795,-0.3344
2020-06-11,712,506,453,53,1339.4975476979232,397.3155112214201,942.1820364765032,0.7107,3.3714,0.8771,0.7852,2.9569,0.7034
2020-06-12,377,338,282,56,1146.3232013206382,527.1035902718145,619.2196110488237,0.8966,2.1748,1.8692,1.5595,4.065,0.5402
2020-06-13,441,417,324,93,1390.9458154001593,420.8377480539323,970.108067346227,0.9456,3.3052,1.2989,1.0092,4.293,0.6974
2020-06-14,716,557,492,65,1422.655356088199,405.737614826022,1016.917741262177,0.7779,3.5063,0.8247,0.7284,2.8916,0.7148
2020-06-15,33,21,21,0,36.50923966746567,29.780694245231818,6.728545422233854,0.6364,1.2259,1.4181,1.4181,1.7385,0.1843
2020-06-16,789,595,525,70,2956.3378471461497,427.0472333543915,2529.290613791758,0.7541,6.9227,0.8134,0.7177,5.6311,0.8555
2020-06-17,443,310,213,97,1498.6530973547538,301.5767860871314,1197.0763112676225,0.6998,4.9694,1.4159,0.9728,7.0359,0.7988
2020-06-18,487,340,261,79,805.8707978175357,290.3367177369239,515.5340800806118,0.6982,2.7756,1.1124,0.8539,3.0876,0.6397
2020-06-19,656,558,505,53,1661.1844933448983,375.85987452665273,1285.3246188182457,0.8506,4.4197,0.7443,0.6736,3.2895,0.7737
2020-06-20,606,169,70,99,464.4021623353093,528.1898024924762,-63.78764015716695,0.2789,0.8792,7.5456,3.1254,6.6343,-0.1374
2020-06-21,20,15,10,5,14.887575882958256,22.31047508521151,-7.422899202253255,0.75,0.6673,2.231,1.4874,1.4888,-0.4986
2020-06-22,16,13,7,6,25.057017801631623,26.627241048785525,-1.5702232471539013,0.8125,0.941,3.8039,2.0482,3.5796,-0.0627
2020-06-23,782,517,417,100,2344.542252867918,448.9146422350507,1895.6276106328671,0.6611,5.2227,1.0765,0.8683,5.6224,0.8085
2020-06-24,695,429,358,71,2118.272681182518,493.7198445867405,1624.5528365957778,0.6173,4.2904,1.3791,1.1509,5.917,0.7669
2020-06-25,498,407,318,89,1185.2665544891847,231.73422652428425,953.5323279649006,0.8173,5.1148,0.7287,0.5694,3.7273,0.8045
2020-06-26,689,150,50,100,545.9586091299332,385.8055258376047,160.15308329232846,0.2177,1.4151,7.7161,2.572,10.9192,0.2933
2020-06-27,646,633,574,59,2927.8765164403217,495.35266586305863,2432.523850577263,0.9799,5.9107,0.863,0.7825,5.1008,0.8308
2020-06-28,40,24,19,5,43.59563368021193,46.22780813765999,-2.632174457448059,0.6,0.9431,2.433,1.9262,2.2945,-0.0604
2020-06-29,455,122,29,93,250.31383138541904,466.4204447613312,-216.1066133759121,0.2681,0.5367,16.0835,3.8231,8.6315,-0.8633
2020-06-30,493,362,303,59,947.2468088603327,456.176621247685,491.07018761264777,0.7343,2.0765,1.5055,1.2602,3.1262,0.5184
2020-07-01,307,142,89,53,572.192472805735,458.5194250746983,113.67304773103666,0.4625,1.2479,5.1519,3.229,6.4291,0.1987
2020-07-02,788,118,41,77,589.6408185385968,498.19608261850505,91.44473592009176,0.1497,1.1836,12.1511,4.222,14.3815,0.1551
2020-07-03,730,249,184,65,933.2394619613844,413.902123727802,519.3373382335824,0.3411,2.2547,2.2495,1.6623,5.072,0.5565
2020-07-04,567,394,340,54,884.0201737471417,405.99981725402023,478.0203564931215,0.6949,2.1774,1.1941,1.0305,2.6001,0.5407
2020-07-05,382,256,177,79,599.8732324291018,456.4749669678743,143.39826546122748,0.6702,1.3141,2.579,1.7831,3.3891,0.239
2020-07-06,609,605,530,75,2477.2852110924314,444.1240062193514,2033.16120487308,0.9934,5.5779,0.838,0.7341,4.6741,0.8207
2020-07-07,41,14,11,3,16.81692898671338,22.283279098125725,-5.466350111412346,0.3415,0.7547,2.0258,1.5917,1.5288,-0.3251
2020-07-08,323,157,93,64,324.87092963232396,532.9988519024887,-208.12792227016473,0.4861,0.6095,5.7312,3.3949,3.4932,-0.6406
2020-07-09,603,369,282,87,1585.5892132837723,307.7646728277056,1277.8245404560666,0.6119,5.152,1.0914,0.8341,5.6227,0.8059
2020-07-10,535,428,355,73,1230.7177465538282,331.8129918111159,898.9047547427123,0.8,3.7091,0.9347,0.7753,3.4668,0.7304
2020-07-11,742,226,131,95,924.361907951914,278.0666596785131,646.2952482734008,0.3046,3.3242,2.1226,1.2304,7.0562,0.6992
2020-07-12,41,37,29,8,23.4905169531434,83.07713831853621,-59.586621365392816,0.9024,0.2828,2.8647,2.2453,0.81,-2.5366
2020-07-13,687,367,288,79,883.0567371862156,450.0245787886336,433.032158397582,0.5342,1.9622,1.5626,1.2262,3.0662,0.4904
2020-07-14,13,11,2,9,20.942328418437363,16.27906528495651,4.663263133480854,0.8462,1.2865,8.1395,1.4799,10.4712,0.2227
2020-07-15,360,338,246,92,1663.4574845864752,295.61391353119814,1367.8435710552772,0.9389,5.6271,1.2017,0.8746,6.762,0.8223
2020-07-16,484,160,71,89,715.9426538118845,237.22391358099424,478.71874023089026,0.3306,3.018,3.3412,1.4826,10.0837,0.6687
2020-07-17,306,300,203,97,753.7465436382541,272.26915099571863,481.4773926425355,0.9804,2.7684,1.3412,0.9076,3.713,0.6388
2020-07-18,600,489,409,80,1691.7805877444036,486.8068242602441,1204.9737634841597,0.815,3.4753,1.1902,0.9955,4.1364,0.7123
2020-07-19,32,30,28,2,39.75413044154297,90.73430481617756,-50.9801743746346,0.9375,0.4381,3.2405,3.0245,1.4198,-1.2824
2020-07-20,532,376,306,70,1261.9884975808352,368.4747526439868,893.5137449368484,0.7068,3.4249,1.2042,0.98,4.1241,0.708
2020-07-21,40,11,10,1,18.661319209909912,74.80883149809758,-56.14751228818766,0.275,0.2495,7.4809,6.8008,1.8661,-3.0088
2020-07-22,332,254,156,98,776.4199203956839,308.50613696445055,467.91378343123336,0.7651,2.5167,1.9776,1.2146,4.9771,0.6027
2020-07-23,360,265,180,85,824.6889480275,310.71071545781876,513.9782325696813,0.7361,2.6542,1.7262,1.1725,4.5816,0.6232
2020-07-24,638,471,391,80,1089.9129441369291,436.0448104267582,653.8681337101709,0.7382,2.4995,1.1152,0.9258,2.7875,0.5999
2020-07-25,16,14,14,0,21.666715458179045,83.86625775351148,-62.199542295332435,0.875,0.2583,5.9904,5.9904,1.5476,-2.8707
2020-07-26,665,415,345,70,1702.8715593602233,484.2420640975958,1218.6294952626274,0.6241,3.5166,1.4036,1.1668,4.9359,0.7156
2020-07-27,432,399,337,62,1479.301007238695,431.4788270312145,1047.8221802074806,0.9236,3.4284,1.2804,1.0814,4.3896,0.7083
2020-07-28,611,142,75,67,429.1003743378964,430.8326604442425,-1.7322861063460664,0.2324,0.996,5.7444,3.034,5.7213,-0.004
2020-07-29,590,574,515,59,2570.2796078149427,223.3324248952372,2346.9471829197055,0.9729,11.5088,0.4337,0.3891,4.9908,0.9131
2020-07-30,643,238,169,69,1119.4368868888446,240.54481496155523,878.8920719272894,0.3701,4.6538,1.4233,1.0107,6.6239,0.7851
2020-07-31,636,618,543,75,2686.777882311867,449.1379272783995,2237.6399550334672,0.9717,5.9821,0.8271,0.7268,4.948,0.8328
2020-08-01,563,451,352,99,1605.4894416836364,215.42495917190715,1390.0644825117292,0.8011,7.4527,0.612,0.4777,4.561,0.8658
2020-08-02,423,223,133,90,976.2485560190086,231.91386986879112,744.3346861502174,0.5272,4.2095,1.7437,1.04,7.3402,0.7624
2020-08-03,600,548,463,85,1577.3540680238646,436.2992102836439,1141.0548577402203,0.9133,3.6153,0.9423,0.7962,3.4068,0.7234
2020-08-04,503,490,435,55,1567.2430885777314,556.6686453179075,1010.574443259824,0.9742,2.8154,1.2797,1.1361,3.6029,0.6448
2020-08-05,27,17,9,8,28.921563181637573,76.14994956569942,-47.22838638406184,0.6296,0.3798,8.4611,4.4794,3.2135,-1.633
2020-08-06,19,19,16,3,36.4919870596814,25.23065178228115,11.26133527740025,1.0,1.4463,1.5769,1.3279,2.2807,0.3086
2020-08-07,688,105,37,68,474.09771505409134,239.5871116863475,234.51060336774384,0.1526,1.9788,6.4753,2.2818,12.8135,0.4946
2020-08-08,702,688,595,93,2642.00921586482,541.2884483045688,2100.7207675602513,0.9801,4.881,0.9097,0.7868,4.4404,0.7951
2020-08-09,741,228,168,60,840.4612743383808,410.8678980378363,429.5933763005445,0.3077,2.0456,2.4456,1.8021,5.0027,0.5111
2020-08-10,38,33,26,7,33.39513029578282,91.96115611781558,-58.56602582203275,0.8684,0.3631,3.537,2.7867,1.2844,-1.7537
2020-08-11,622,245,169,76,603.2258890418667,313.52633939744135,289.69954964442536,0.3939,1.924,1.8552,1.2797,3.5694,0.4803
2020-08-12,342,289,239,50,785.8191540703164,507.1526106935563,278.66654337676005,0.845,1.5495,2.122,1.7549,3.2879,0.3546
2020-08-13,22,18,12,6,28.691260249659127,10.856129944999823,17.8351303046593,0.8182,2.6429,0.9047,0.6031,2.3909,0.6216
2020-08-14,348,234,179,55,491.2976092112907,318.32470224038053,172.97290697091017,0.6724,1.5434,1.7784,1.3604,2.7447,0.3521
2020-08-15,20,17,7,10,9.403453843446052,53.406290032598584,-44.00283618915253,0.85,0.1761,7.6295,3.1415,1.3434,-4.6794
2020-08-16,500,118,65,53,352.1359822852956,296.2333645535695,55.90261773172608,0.236,1.1887,4.5574,2.5105,5.4175,0.1588
2020-08-17,518,331,244,87,1253.201737934644,226.9192666010576,1026.2824713335865,0.639,5.5227,0.93,0.6856,5.1361,0.8189
2020-08-18,499,177,82,95,831.5939177190702,238.24236204559352,593.3515556734767,0.3547,3.4905,2.9054,1.346,10.1414,0.7135
2020-08-19,39,37,31,6,37.83652278908983,57.20666485642176,-19.370142067331933,0.9487,0.6614,1.8454,1.5461,1.2205,-0.5119
2020-08-20,796,392,306,86,1495.621415546646,214.13729437046945,1281.4841211761766,0.4925,6.9844,0.6998,0.5463,4.8877,0.8568
2020-08-21,737,541,469,72,1629.6513867976334,586.9786534924193,1042.672733305214,0.7341,2.7763,1.2516,1.085,3.4747,0.6398
2020-08-22,333,103,19,84,410.2213357880429,328.8367722049385,81.38456358310435,0.3093,1.2475,17.3072,3.1926,21.5906,0.1984
2020-08-23,646,629,571,58,1720.812599360398,530.2382337803097,1190.5743655800884,0.9737,3.2454,0.9286,0.843,3.0137,0.6919
2020-08-24,395,243,146,97,710.7064978635258,227.4610773213524,483.2454205421734,0.6152,3.1245,1.558,0.9361,4.8679,0.68
2020-08-25,627,625,537,88,1551.0426707351248,437.77562774634566,1113.2670429887792,0.9968,3.543,0.8152,0.7004,2.8883,0.7178
2020-08-26,391,289,210,79,1378.3073692806358,509.432127621798,868.8752416588379,0.7391,2.7056,2.4259,1.7627,6.5634,0.6304
2020-08-27,746,543,468,75,1592.3633989064597,386.8160772951783,1205.5473216112814,0.7279,4.1166,0.8265,0.7124,3.4025,0.7571
2020-08-28,459,199,134,65,953.4658000809004,342.42755982671974,611.0382402541806,0.4336,2.7844,2.5554,1.7207,7.1154,0.6409
2020-08-29,761,190,110,80,620.652540645698,256.07227840143423,364.58026224426374,0.2497,2.4237,2.3279,1.3477,5.6423,0.5874
2020-08-30,776,714,658,56,3543.335602950696,329.4881141664829,3213.847488784213,0.9201,10.7541,0.5007,0.4615,5.385,0.907
2020-08-31,788,290,216,74,1033.9911726868004,419.595185137357,614.3959875494434,0.368,2.4643,1.9426,1.4469,4.787,0.5942
2020-09-01,464,288,206,82,1379.7107201756046,220.80313405709288,1158.9075861185115,0.6207,6.2486,1.0719,0.7667,6.6976,0.84
2020-09-02,705,482,404,78,1532.469702563646,370.5688490487348,1161.9008535149112,0.6837,4.1355,0.9172,0.7688,3.7932,0.7582
2020-09-03,430,425,339,86,2115.2315232646456,308.00270976323327,1807.2288135014123,0.9884,6.8676,0.9086,0.7247,6.2396,0.8544
2020-09-04,621,524,469,55,1080.3908361495223,289.3058301260583,791.0850060234641,0.8438,3.7344,0.6169,0.5521,2.3036,0.7322
2020-09-05,27,25,16,9,23.340815754696187,79.29577667797919,-55.95496092328301,0.9259,0.2944,4.956,3.1718,1.4588,-2.3973
2020-09-06,42,41,37,4,27.67551413906016,26.753504985786236,0.922009153273926,0.9762,1.0345,0.7231,0.6525,0.748,0.0333
2020-09-07,624,476,402,74,1904.0462244359264,562.3585636384514,1341.687660797475,0.7628,3.3858,1.3989,1.1814,4.7364,0.7047
2020-09-08,398,382,320,62,1675.1905540511088,509.6846808822926,1165.5058731688164,0.9598,3.2867,1.5928,1.3343,5.235,0.6957
2020-09-09,574,250,198,52,1122.9141524538293,538.6079983733568,584.3061540804724,0.4355,2.0848,2.7202,2.1544,5.6713,0.5203
2020-09-10,439,416,336,80,2061.1269945900117,235.38056333837335,1825.7464312516383,0.9476,8.7566,0.7005,0.5658,6.1343,0.8858
2020-09-11,712,556,482,74,1676.427862823978,426.2413339969738,1250.1865288270042,0.7809,3.933,0.8843,0.7666,3.4781,0.7457
2020-09-12,306,257,197,60,1233.4423286622437,214.4946970579603,1018.9476316042832,0.8399,5.7505,1.0888,0.8346,6.2611,0.8261
2020-09-13,469,299,234,65,1057.7368622692163,513.079230267992,544.6576320012246,0.6375,2.0615,2.1926,1.716,4.5202,0.5149
2020-09-14,637,118,33,85,301.7591521446766,313.68219095332887,-11.92303880865228,0.1852,0.962,9.5055,2.6583,9.1442,-0.0395
2020-09-15,23,15,6,9,20.491441242367515,36.445044076949195,-15.95360283458168,0.6522,0.5623,6.0742,2.4297,3.4152,-0.7785
2020-09-16,614,582,502,80,1330.378881188877,446.4412058631752,883.9376753257018,0.9479,2.98,0.8893,0.7671,2.6502,0.6644
2020-09-17,490,486,414,72,1967.0017017508817,293.09704898949224,1673.9046527613891,0.9918,6.7111,0.708,0.6031,4.7512,0.851
2020-09-18,49,19,9,10,30.77681842504903,94.50125549209282,-63.724437067043795,0.3878,0.3257,10.5001,4.9738,3.4196,-2.0705
2020-09-19,620,500,430,70,1649.728607177154,486.05272346170585,1163.675883715448,0.8065,3.3941,1.1304,0.9721,3.8366,0.7054
2020-09-20,330,197,97,100,928.6957161437138,527.1947357549527,401.50098038876104,0.597,1.7616,5.435,2.6761,9.5742,0.4323
2020-09-21,24,16,16,0,26.124415485324963,66.07449140572798,-39.95007592040302,0.6667,0.3954,4.1297,4.1297,1.6328,-1.5292
2020-09-22,509,185,100,85,679.0649251494403,297.17306618634393,381.8918589630964,0.3635,2.2851,2.9717,1.6063,6.7906,0.5624
2020-09-23,27,14,14,0,14.392605219094316,93.10074470055092,-78.70813948145661,0.5185,0.1546,6.6501,6.6501,1.028,-5.4687
2020-09-24,441,254,180,74,1032.498358985812,586.6844383555897,445.8139206302224,0.576,1.7599,3.2594,2.3098,5.7361,0.4318
2020-09-25,627,496,431,65,2240.6590478801477,583.1552790037524,1657.5037688763953,0.7911,3.8423,1.353,1.1757,5.1987,0.7397
2020-09-26,666,237,179,58,805.4888736861025,248.1527276598798,557.3361460262227,0.3559,3.2459,1.3863,1.0471,4.4999,0.6919
2020-09-27,497,330,258,72,722.0983346066045,414.3548024943081,307.74353211229635,0.664,1.7427,1.606,1.2556,2.7988,0.4262
2020-09-28,50,21,21,0,21.11358317525033,86.13827743890636,-65.02469426365603,0.42,0.2451,4.1018,4.1018,1.0054,-3.0798
2020-09-29,532,189,126,63,879.9384271698042,312.5061453524043,567.4322818173998,0.3553,2.8157,2.4802,1.6535,6.9836,0.6449
2020-09-30,24,10,9,1,15.04769532576898,66.83331636270417,-51.78562103693518,0.4167,0.2252,7.4259,6.6833,1.672,-3.4414
2020-10-01,13,10,5,5,11.223398242974527,59.891526189503374,-48.66812794652885,0.7692,0.1874,11.9783,5.9892,2.2447,-4.3363
2020-10-02,771,417,327,90,1314.056668240365,233.10184927863736,1080.9548189617276,0.5409,5.6373,0.7128,0.559,4.0185,0.8226
2020-10-03,311,169,119,50,397.3515532160849,589.0446791401446,-191.6931259240597,0.5434,0.6746,4.95,3.4855,3.3391,-0.4824
2020-10-04,23,23,19,4,32.113301435553325,28.62987597315569,3.4834254623976335,1.0,1.1217,1.5068,1.2448,1.6902,0.1085
2020-10-05,17,15,7,8,28.758051028715848,53.65076545863572,-24.89271442991987,0.8824,0.536,7.6644,3.5767,4.1083,-0.8656
2020-10-06,667,518,449,69,2246.943613695925,446.57006418725854,1800.3735495086662,0.7766,5.0316,0.9946,0.8621,5.0043,0.8013
2020-10-07,306,101,5,96,479.4271910318227,415.41148450182646,64.0157065299963,0.3301,1.1541,83.0823,4.113,95.8854,0.1335
2020-10-08,522,504,448,56,2173.3898432909937,281.76552919448704,1891.6243140965064,0.9655,7.7135,0.6289,0.5591,4.8513,0.8704
2020-10-09,586,504,429,75,2356.399251528177,466.8488994038122,1889.550352124365,0.8601,5.0475,1.0882,0.9263,5.4928,0.8019
2020-10-10,306,144,76,68,688.8645645591882,295.57264443309367,393.29192012609457,0.4706,2.3306,3.8891,2.0526,9.064,0.5709
2020-10-11,708,398,311,87,1789.372070584673,230.0468402320365,1559.3252303526367,0.5621,7.7783,0.7397,0.578,5.7536,0.8714
2020-10-12,489,231,135,96,1113.363010350944,596.643476918096,516.719533432848,0.4724,1.866,4.4196,2.5829,8.2471,0.4641
2020-10-13,719,436,345,91,2086.841335936495,233.3264408352492,1853.5148951012457,0.6064,8.9439,0.6763,0.5352,6.0488,0.8882
2020-10-14,619,187,109,78,657.8592846072459,250.76625044722033,407.0930341600255,0.3021,2.6234,2.3006,1.341,6.0354,0.6188
2020-10-15,42,38,29,9,53.49734585789055,22.796059039997715,30.701286817892836,0.9048,2.3468,0.7861,0.5999,1.8447,0.5739
2020-10-16,515,271,205,66,1323.455455933707,377.1909120360984,946.2645438976086,0.5262,3.5087,1.84,1.3918,6.4559,0.715
2020-10-17,539,163,65,98,494.5077900176454,545.7184735948033,-51.21068357715791,0.3024,0.9062,8.3957,3.348,7.6078,-0.1036
2020-10-18,390,202,139,63,743.6216381305605,446.54715943338914,297.0744786971714,0.5179,1.6653,3.2126,2.2106,5.3498,0.3995
2020-10-19,705,525,444,81,2414.7640233347856,593.7915848984644,1820.9724384363212,0.7447,4.0667,1.3374,1.131,5.4387,0.7541
2020-10-20,35,17,15,2,24.983532052109343,81.77759088729043,-56.79405883518108,0.4857,0.3055,5.4518,4.8104,1.6656,-2.2733
2020-10-21,37,15,14,1,18.234421947780884,39.8101325041372,-21.575710556356317,0.4054,0.458,2.8436,2.654,1.3025,-1.1832
2020-10-22,435,137,64,73,617.3611855508444,393.4455641478275,223.91562140301687,0.3149,1.5691,6.1476,2.8719,9.6463,0.3627
2020-10-23,744,262,183,79,541.3255841396901,411.0898001933498,130.23578394634035,0.3522,1.3168,2.2464,1.569,2.9581,0.2406
2020-10-24,20,11,11,0,13.100835662651734,29.050818378223447,-15.949982715571712,0.55,0.451,2.641,2.641,1.191,-1.2175
2020-10-25,649,597,515,82,1704.300709599357,417.5688408784612,1286.7318687208965,0.9199,4.0815,0.8108,0.6994,3.3093,0.755
2020-10-26,539,288,233,55,1124.1441506322133,588.9661882655821,535.1779623666312,0.5343,1.9087,2.5278,2.045,4.8247,0.4761
2020-10-27,18,16,8,8,28.586831248126938,65.77234528631911,-37.18551403819217,0.8889,0.4346,8.2215,4.1108,3.5734,-1.3008
2020-10-28,320,193,138,55,899.7523311062464,516.0365087670768,383.7158223391696,0.6031,1.7436,3.7394,2.6738,6.5199,0.4265
2020-10-29,15,10,3,7,15.064670272265722,51.1434953849576,-36.07882511269188,0.6667,0.2946,17.0478,5.1143,5.0216,-2.3949
2020-10-30,666,170,108,62,401.7763193159314,498.24793826749885,-96.47161895156744,0.2553,0.8064,4.6134,2.9309,3.7202,-0.2401
2020-10-31,427,201,141,60,739.9456332280656,330.89821798800193,409.0474152400637,0.4707,2.2362,2.3468,1.6463,5.2478,0.5528
2020-11-01,300,217,166,51,933.3220815819916,273.2935086290825,660.0285729529091,0.7233,3.4151,1.6463,1.2594,5.6224,0.7072
2020-11-02,657,182,112,70,845.6958710795374,380.6044014068857,465.09146967265167,0.277,2.222,3.3983,2.0912,7.5509,0.55
2020-11-03,530,306,230,76,736.5356551061523,230.1023935519584,506.4332615541939,0.5774,3.2009,1.0004,0.752,3.2023,0.6876
2020-11-04,312,117,47,70,553.6754377369963,559.4868726327843,-5.811434895788011,0.375,0.9896,11.904,4.7819,11.7803,-0.0105
2020-11-05,656,637,562,75,2067.920828003168,341.82601176809214,1726.094816235076,0.971,6.0496,0.6082,0.5366,3.6796,0.8347
2020-11-06,10,10,7,3,10.73968390287244,57.51676658727472,-46.777082684402274,1.0,0.1867,8.2167,5.7517,1.5342,-4.3555
2020-11-07,428,352,267,85,1432.821001561959,532.6987088711226,900.1222926908365,0.8224,2.6897,1.9951,1.5133,5.3664,0.6282
2020-11-08,624,340,280,60,941.5084211526956,232.03899557527657,709.469425577419,0.5449,4.0575,0.8287,0.6825,3.3625,0.7535
2020-11-09,795,288,219,69,826.7051198047951,456.3392150722671,370.365904732528,0.3623,1.8116,2.0837,1.5845,3.7749,0.448
2020-11-10,301,193,113,80,752.6649808891598,310.94937556864807,441.7156053205117,0.6412,2.4205,2.7518,1.6111,6.6608,0.5869
2020-11-11,724,465,405,60,941.4173544077728,476.38453670293126,465.0328177048417,0.6423,1.9762,1.1763,1.0245,2.3245,0.494
2020-11-12,380,113,14,99,442.59085592489214,261.1027002890084,181.48815563588377,0.2974,1.6951,18.6502,2.3106,31.6136,0.4101
2020-11-13,740,279,186,93,1024.0150553949488,323.141087340551,700.8739680543979,0.377,3.1689,1.7373,1.1582,5.5055,0.6844
2020-11-14,658,276,213,63,686.557972248367,507.2699849218027,179.28798732656435,0.4195,1.3534,2.3815,1.8379,3.2233,0.2611
2020-11-15,717,600,500,100,1446.5035234930726,597.5407460190911,848.9627774739815,0.8368,2.4208,1.1951,0.9959,2.893,0.5869
2020-11-16,19,17,8,9,17.215047398255553,96.08838016556216,-78.87333276730662,0.8947,0.1792,12.011,5.6523,2.1519,-4.5817
2020-11-17,603,489,400,89,2436.454969168464,320.140291484828,2116.314677683636,0.8109,7.6106,0.8004,0.6547,6.0911,0.8686
2020-11-18,30,14,8,6,12.719493961475756,10.084070247527755,2.635423713948001,0.4667,1.2613,1.2605,0.7203,1.5899,0.2072
2020-11-19,640,298,234,64,1195.742441661885,314.85669636381,880.8857452980751,0.4656,3.7977,1.3455,1.0566,5.11,0.7367
2020-11-20,511,139,60,79,394.40341869285766,214.28481888707452,180.11859980578313,0.272,1.8406,3.5714,1.5416,6.5734,0.4567
2020-11-21,470,389,296,93,1173.1715996716216,512.4238686066874,660.7477310649342,0.8277,2.2895,1.7312,1.3173,3.9634,0.5632
2020-11-22,379,175,110,65,766.8819352233996,356.9529710499055,409.92896417349414,0.4617,2.1484,3.245,2.0397,6.9717,0.5345
2020-11-23,485,298,230,68,1170.269903538187,553.8751857817429,616.3947177564442,0.6144,2.1129,2.4082,1.8586,5.0881,0.5267
2020-11-24,383,357,274,83,1732.7184334807669,290.7619806836427,1441.9564527971245,0.9321,5.9592,1.0612,0.8145,6.3238,0.8322
2020-11-25,789,335,261,74,1282.2271221969645,540.3197002242932,741.907421972671,0.4246,2.3731,2.0702,1.6129,4.9127,0.5786
2020-11-26,785,565,466,99,2323.6889175271012,372.4135705269123,1951.275347000189,0.7197,6.2395,0.7992,0.6591,4.9865,0.8397
2020-11-27,449,429,363,66,1096.366205706679,524.7083736560678,571.6578320506112,0.9555,2.0895,1.4455,1.2231,3.0203,0.5214
2020-11-28,668,263,183,80,611.5220184423521,282.43954761938664,329.08247082296543,0.3937,2.1651,1.5434,1.0739,3.3417,0.5381
2020-11-29,42,27,23,4,48.42303934786355,10.692188979749789,37.73085036811376,0.6429,4.5288,0.4649,0.396,2.1053,0.7792
2020-11-30,537,360,285,75,911.8035175491796,424.5121979299556,487.29131961922394,0.6704,2.1479,1.4895,1.1792,3.1993,0.5344
2020-12-01,618,589,519,70,2661.4663325061733,354.2214115680629,2307.24492093811,0.9531,7.5136,0.6825,0.6014,5.1281,0.8669
2020-12-02,19,19,18,1,10.490296044371693,29.681363235175716,-19.191067190804024,1.0,0.3534,1.649,1.5622,0.5828,-1.8294
2020-12-03,12,10,4,6,13.687788249113368,87.67653334137748,-73.98874509226411,0.8333,0.1561,21.9191,8.7677,3.4219,-5.4055
2020-12-04,22,18,8,10,31.89187139813623,53.48920401297184,-21.597332614835608,0.8182,0.5962,6.6862,2.9716,3.9865,-0.6772
2020-12-05,432,242,146,96,845.9133237312323,433.4434596512525,412.46986407997974,0.5602,1.9516,2.9688,1.7911,5.7939,0.4876
2020-12-06,395,203,141,62,902.9715551758904,445.3290199608924,457.6425352149979,0.5139,2.0277,3.1584,2.1937,6.4041,0.5068
2020-12-07,319,229,134,95,549.5032395885964,459.6405395908774,89.86269999771906,0.7179,1.1955,3.4302,2.0072,4.1008,0.1635
2020-12-08,26,14,9,5,12.647612212399054,38.368486527289534,-25.72087431489048,0.5385,0.3296,4.2632,2.7406,1.4053,-2.0337
2020-12-09,491,206,133,73,938.5335602232292,310.00325390630405,628.530306316925,0.4196,3.0275,2.3309,1.5049,7.0566,0.6697
2020-12-10,323,216,129,87,798.370522377758,239.55273986295333,558.8177825148047,0.6687,3.3328,1.857,1.109,6.1889,0.6999
2020-12-11,28,26,19,7,17.293633580432655,27.816509545910975,-10.52287596547832,0.9286,0.6217,1.464,1.0699,0.9102,-0.6085
2020-12-12,610,510,440,70,1821.3881977640456,240.04014307689056,1581.3480546871551,0.8361,7.5878,0.5455,0.4707,4.1395,0.8682
2020-12-13,355,100,35,65,437.2122895627186,321.2663981694687,115.9458913932499,0.2817,1.3609,9.179,3.2127,12.4918,0.2652
2020-12-14,435,348,249,99,1003.8180845003812,235.74287628073955,768.0752082196416,0.8,4.2581,0.9468,0.6774,4.0314,0.7652
2020-12-15,389,334,255,79,1208.929853023333,470.85532261141407,738.0745304119189,0.8586,2.5675,1.8465,1.4097,4.7409,0.6105
2020-12-16,639,143,78,65,303.10993227989525,402.58504563030783,-99.47511335041258,0.2238,0.7529,5.1613,2.8153,3.886,-0.3282
2020-12-17,713,174,117,57,393.1990832270181,327.9541889482409,65.24489427877711,0.244,1.1989,2.803,1.8848,3.3607,0.1659
2020-12-18,639,556,489,67,2186.393893685246,386.3148864213037,1800.0790072639425,0.8701,5.6596,0.79,0.6948,4.4712,0.8233
2020-12-19,383,307,220,87,674.3795418956347,560.8339960761816,113.54554581945308,0.8016,1.2025,2.5492,1.8268,3.0654,0.1684
2020-12-20,656,229,168,61,950.5172555852012,552.8372620364066,397.67999354879464,0.3491,1.7193,3.2907,2.4141,5.6578,0.4184
2020-12-21,363,113,63,50,381.4476000242335,210.44114314840024,171.0064568758333,0.3113,1.8126,3.3403,1.8623,6.0547,0.4483
2020-12-22,461,269,187,82,1135.964131738752,395.8380262321531,740.126105506599,0.5835,2.8698,2.1168,1.4715,6.0747,0.6515
2020-12-23,500,389,338,51,778.915182669448,486.4594321281556,292.4557505412924,0.778,1.6012,1.4392,1.2505,2.3045,0.3755
2020-12-24,555,513,462,51,1448.1777248305357,270.94169267601717,1177.2360321545184,0.9243,5.345,0.5865,0.5282,3.1346,0.8129
2020-12-25,39,27,19,8,13.713429718940374,67.51635683078925,-53.802927111848874,0.6923,0.2031,3.5535,2.5006,0.7218,-3.9234
2020-12-26,696,110,12,98,278.42198414617593,232.91494342166487,45.50704072451106,0.158,1.1954,19.4096,2.1174,23.2018,0.1634
2020-12-27,796,571,486,85,2823.3393696923745,381.76744975290865,2441.5719199394657,0.7173,7.3954,0.7855,0.6686,5.8093,0.8648
2020-12-28,618,114,59,55,355.6294552625417,497.5411092676785,-141.91165400513682,0.1845,0.7148,8.4329,4.3644,6.0276,-0.399
2020-12-29,433,365,315,50,795.5259357384423,216.2417897854999,579.2841459529424,0.843,3.6789,0.6865,0.5924,2.5255,0.7282
2020-12-30,777,356,275,81,1025.4636286246473,329.3285837161915,696.1350449084558,0.4582,3.1138,1.1976,0.9251,3.729,0.6788
2020-12-31,393,218,132,86,490.32227416472614,553.2310946406014,-62.9088204758753,0.5547,0.8863,4.1911,2.5378,3.7146,-0.1283
2021-01-01,768,299,225,74,667.1057894470928,477.8943290302243,189.21146041686848,0.3893,1.3959,2.124,1.5983,2.9649,0.2836
2021-01-02,348,345,277,68,1539.8397382115666,347.36788083261735,1192.4718573789492,0.9914,4.4329,1.254,1.0069,5.559,0.7744
2021-01-03,370,153,101,52,325.0336885723473,250.9142460159612,74.11944255638608,0.4135,1.2954,2.4843,1.64,3.2182,0.228
2021-01-04,547,286,220,66,1322.6958075968328,312.8580887077412,1009.8377188890915,0.5229,4.2278,1.4221,1.0939,6.0123,0.7635
2021-01-05,33,24,24,0,40.440029467028765,84.41839266368311,-43.97836319665434,0.7273,0.479,3.5174,3.5174,1.685,-1.0875
2021-01-06,446,104,42,62,391.57926181799326,572.2451342166642,-180.6658723986709,0.2332,0.6843,13.6249,5.5024,9.3233,-0.4614
2021-01-07,50,13,5,8,11.404427017326809,50.50131823289678,-39.09689121556997,0.26,0.2258,10.1003,3.8847,2.2809,-3.4282
2021-01-08,429,310,256,54,1156.847290639365,234.94705331733425,921.9002373220308,0.7226,4.9239,0.9178,0.7579,4.5189,0.7969
2021-01-09,468,289,222,67,584.2542034475736,443.86135885877815,140.3928445887954,0.6175,1.3163,1.9994,1.5359,2.6318,0.2403
2021-01-10,24,11,1,10,6.394176068235728,72.7401430781114,-66.34596700987568,0.4583,0.0879,72.7401,6.6127,6.3942,-10.376
2021-01-11,637,612,516,96,1905.1417942609344,597.7486093960806,1307.393184864854,0.9608,3.1872,1.1584,0.9767,3.6921,0.6862
2021-01-12,344,329,268,61,879.1057594207144,490.20962899023647,388.896130430478,0.9564,1.7933,1.8291,1.49,3.2802,0.4424
2021-01-13,577,167,71,96,407.7902294068319,322.14465395708595,85.64557544974593,0.2894,1.2659,4.5372,1.929,5.7435,0.21
2021-01-14,702,254,200,54,525.4154611976461,284.70635672495234,240.70910447269375,0.3618,1.8455,1.4235,1.1209,2.6271,0.4581
2021-01-15,49,20,20,0,11.472618764070743,86.07144583509205,-74.5988270710213,0.4082,0.1333,4.3036,4.3036,0.5736,-6.5023
2021-01-16,411,249,156,93,712.946975903963,453.2279419849682,259.7190339189948,0.6058,1.573,2.9053,1.8202,4.5702,0.3643
2021-01-17,777,695,617,78,2383.204420159572,558.2189362995214,1824.9854838600504,0.8945,4.2693,0.9047,0.8032,3.8626,0.7658
2021-01-18,325,233,152,81,1041.2994598414668,417.13875541130864,624.1607044301581,0.7169,2.4963,2.7443,1.7903,6.8507,0.5994
2021-01-19,465,175,125,50,459.677305827195,339.70248907414714,119.97481675304788,0.3763,1.3532,2.7176,1.9412,3.6774,0.261
2021-01-20,743,360,284,76,1230.1252528895898,594.9199524640509,635.2053004255389,0.4845,2.0677,2.0948,1.6526,4.3314,0.5164
2021-01-21,718,329,232,97,1076.2131562689851,510.0669694441395,566.1461868248457,0.4582,2.1099,2.1986,1.5504,4.6388,0.5261
2021-01-22,479,279,226,53,1348.3982232945618,259.14591225082637,1089.2523110437355,0.5825,5.2032,1.1467,0.9288,5.9664,0.8078
2021-01-23,359,221,124,97,797.4829071357586,231.97925986711988,565.5036472686388,0.6156,3.4377,1.8708,1.0497,6.4313,0.7091
2021-01-24,410,290,214,76,798.5158089761471,410.0832304202561,388.43257855589104,0.7073,1.9472,1.9163,1.4141,3.7314,0.4864
2021-01-25,304,154,76,78,321.2795552270366,351.8748483287724,-30.595293101735763,0.5066,0.9131,4.6299,2.2849,4.2274,-0.0952
2021-01-26,473,276,211,65,795.8507488617017,392.71728292572755,403.1334659359742,0.5835,2.0265,1.8612,1.4229,3.7718,0.5065
2021-01-27,46,35,32,3,40.96698704216199,57.565856675053574,-16.598869632891585,0.7609,0.7117,1.7989,1.6447,1.2802,-0.4052
2021-01-28,562,525,452,73,1838.0851714323708,276.16262357722286,1561.922547855148,0.9342,6.6558,0.611,0.526,4.0666,0.8498
2021-01-29,589,226,150,76,977.5624784942268,409.427055015373,568.1354234788537,0.3837,2.3876,2.7295,1.8116,6.5171,0.5812
2021-01-30,320,179,111,68,600.8713222141319,308.0677189346843,292.80360327944754,0.5594,1.9505,2.7754,1.721,5.4133,0.4873
2021-01-31,499,226,148,78,635.3926423013727,480.43357958094816,154.95906272042453,0.4529,1.3225,3.2462,2.1258,4.2932,0.2439
2021-02-01,535,110,30,80,332.63212247534875,537.350117631378,-204.71799515602925,0.2056,0.619,17.9117,4.885,11.0877,-0.6154
2021-02-02,321,293,221,72,934.5450608366394,226.80520578985875,707.7398550467807,0.9128,4.1205,1.0263,0.7741,4.2287,0.7573
2021-02-03,316,287,213,74,781.3206294142815,375.30062413757184,406.0200052767096,0.9082,2.0819,1.762,1.3077,3.6682,0.5197
2021-02-04,505,166,88,78,503.2127024737538,536.1939233548762,-32.981220881122454,0.3287,0.9385,6.0931,3.2301,5.7183,-0.0655
2021-02-05,612,330,248,82,1475.285535384138,483.5056241344776,991.7799112496604,0.5392,3.0512,1.9496,1.4652,5.9487,0.6723
2021-02-06,476,472,381,91,1937.0379674814776,394.0526052008644,1542.9853622806131,0.9916,4.9157,1.0343,0.8349,5.0841,0.7966
2021-02-07,699,660,568,92,2917.0877403856,512.4675966795603,2404.62014370604,0.9442,5.6922,0.9022,0.7765,5.1357,0.8243
2021-02-08,714,169,112,57,655.2490025095088,365.7064023222678,289.542600187241,0.2367,1.7917,3.2652,2.1639,5.8504,0.4419
2021-02-09,591,494,434,60,2029.9085013181364,300.95498493777853,1728.9535163803578,0.8359,6.7449,0.6934,0.6092,4.6772,0.8517
2021-02-10,45,16,10,6,11.13239800086165,31.841379417254284,-20.708981416392632,0.3556,0.3496,3.1841,1.9901,1.1132,-1.8602
2021-02-11,537,203,124,79,441.24165753652926,433.6398059493396,7.601851587189628,0.378,1.0175,3.4971,2.1362,3.5584,0.0172
2021-02-12,31,12,6,6,7.995097893019267,72.69156176762064,-64.69646387460138,0.3871,0.11,12.1153,6.0576,1.3325,-8.092
2021-02-13,410,409,314,95,1807.8831089286311,238.17169279434617,1569.711416134285,0.9976,7.5907,0.7585,0.5823,5.7576,0.8683
2021-02-14,734,484,403,81,1828.4307836802225,358.13637586498805,1470.294407815234,0.6594,5.1054,0.8887,0.74,4.537,0.8041
2021-02-15,373,201,149,52,511.795911688548,557.8708354034148,-46.07492371486683,0.5389,0.9174,3.7441,2.7755,3.4349,-0.09
2021-02-16,613,124,43,81,477.7854078054147,458.5095410694016,19.275866736013143,0.2023,1.042,10.663,3.6977,11.1113,0.0403
2021-02-17,796,513,449,64,1814.9412928022432,580.268382534337,1234.6729102679062,0.6445,3.1278,1.2924,1.1311,4.0422,0.6803
2021-02-18,34,19,9,10,11.691776372927098,53.77783581261177,-42.086059439684675,0.5588,0.2174,5.9753,2.8304,1.2991,-3.5996
2021-02-19,398,182,110,72,830.9062784777815,237.4864754235177,593.4198030542638,0.4573,3.4988,2.159,1.3049,7.5537,0.7142
2021-02-20,431,318,242,76,1187.5849115595354,574.5700629109267,613.0148486486087,0.7378,2.0669,2.3743,1.8068,4.9074,0.5162
2021-02-21,350,296,210,86,1344.9044523716589,370.42384438046554,974.4806079911932,0.8457,3.6307,1.7639,1.2514,6.4043,0.7246
2021-02-22,336,107,56,51,319.02543257250613,350.60567629326687,-31.580243720760738,0.3185,0.9099,6.2608,3.2767,5.6969,-0.099
2021-02-23,756,720,636,84,1911.0800976521584,415.2872688276208,1495.7928288245375,0.9524,4.6018,0.653,0.5768,3.0048,0.7827
2021-02-24,626,193,124,69,401.6384436249558,242.9855470771332,158.6528965478226,0.3083,1.6529,1.9596,1.259,3.239,0.395
2021-02-25,385,263,194,69,748.2701644129826,427.6469608052517,320.6232036077309,0.6831,1.7497,2.2044,1.626,3.8571,0.4285
2021-02-26,567,496,398,98,1468.0046454361457,586.5619211079154,881.4427243282303,0.8748,2.5027,1.4738,1.1826,3.6885,0.6004
2021-02-27,669,291,238,53,1133.5269222095792,478.58145341445464,654.9454687951245,0.435,2.3685,2.0108,1.6446,4.7627,0.5778
2021-02-28,414,200,134,66,961.652619751172,235.71610941071415,725.936510340458,0.4831,4.0797,1.7591,1.1786,7.1765,0.7549
2021-03-01,701,505,435,70,1133.393339633902,213.13054083064037,920.2627988032616,0.7204,5.3178,0.49,0.422,2.6055,0.812
2021-03-02,799,715,620,95,3227.2329825699135,483.2407391254129,2743.9922434445007,0.8949,6.6783,0.7794,0.6759,5.2052,0.8503
2021-03-03,757,309,239,70,1403.065021500202,221.9164286669939,1181.148592833208,0.4082,6.3225,0.9285,0.7182,5.8706,0.8418
2021-03-04,537,144,75,69,549.7815863886938,360.6309590072805,189.15062738141324,0.2682,1.5245,4.8084,2.5044,7.3304,0.344
2021-03-05,565,449,363,86,940.4707203557516,454.34709873844866,486.12362161730306,0.7947,2.0699,1.2516,1.0119,2.5908,0.5169
2021-03-06,652,186,128,58,540.561162874157,419.8817139765654,120.67944889759168,0.2853,1.2874,3.2803,2.2574,4.2231,0.2232
2021-03-07,11,11,5,6,17.423676130610065,36.334610906337794,-18.91093477572773,1.0,0.4795,7.2669,3.3031,3.4847,-1.0854
2021-03-08,395,184,109,75,611.204327388409,594.5891890646545,16.615138323754422,0.4658,1.0279,5.4549,3.2315,5.6074,0.0272
2021-03-09,365,182,113,69,506.9706838654857,301.94968767918687,205.0209961862988,0.4986,1.679,2.6721,1.6591,4.4865,0.4044
2021-03-10,655,211,160,51,429.6493867432262,450.2146092659458,-20.56522252271958,0.3221,0.9543,2.8138,2.1337,2.6853,-0.0479
2021-03-11,749,191,104,87,816.1497322805544,459.8730675154104,356.276664765144,0.255,1.7747,4.4219,2.4077,7.8476,0.4365
2021-03-12,414,169,88,81,350.49093322268124,583.7683761262492,-233.277442903568,0.4082,0.6004,6.6337,3.4543,3.9829,-0.6656
2021-03-13,355,251,181,70,1120.3134904601377,250.59807192419856,869.7154185359391,0.707,4.4706,1.3845,0.9984,6.1896,0.7763
2021-03-14,46,30,30,0,32.00900310090595,52.44271313718889,-20.43371003628294,0.6522,0.6104,1.7481,1.7481,1.067,-0.6384
2021-03-15,365,165,77,88,357.9654262396714,306.8439531417624,51.12147309790896,0.4521,1.1666,3.985,1.8597,4.6489,0.1428
2021-03-16,730,475,392,83,2139.524808610712,343.4518366063639,1796.0729720043482,0.6507,6.2295,0.8762,0.7231,5.458,0.8395
2021-03-17,788,230,144,86,929.0296892228878,276.4999493930314,652.5297398298565,0.2919,3.36,1.9201,1.2022,6.4516,0.7024
2021-03-18,354,197,120,77,630.3174649881249,350.4200917729145,279.89737321521045,0.5565,1.7987,2.9202,1.7788,5.2526,0.4441
2021-03-19,443,385,285,100,1000.6764673531344,569.7902135012839,430.8862538518506,0.8691,1.7562,1.9993,1.48,3.5111,0.4306
2021-03-20,788,212,138,74,683.8528292249823,402.345878454909,281.50695077007333,0.269,1.6997,2.9155,1.8979,4.9555,0.4116
2021-03-21,573,182,131,51,518.457681606607,321.68963942995646,196.76804217665057,0.3176,1.6117,2.4556,1.7675,3.9577,0.3795
2021-03-22,381,138,73,65,352.0885739825696,566.776161443974,-214.6875874614045,0.3622,0.6212,7.7641,4.1071,4.8231,-0.6098
2021-03-23,677,536,460,76,1320.509841552847,307.243690650012,1013.2661509028352,0.7917,4.2979,0.6679,0.5732,2.8707,0.7673
2021-03-24,635,565,494,71,1764.392224702983,569.1601424536658,1195.232082249317,0.8898,3.1,1.1521,1.0074,3.5716,0.6774
2021-03-25,616,279,195,84,1302.8799125003306,393.2420509143497,909.637861585981,0.4529,3.3132,2.0166,1.4095,6.6814,0.6982
2021-03-26,321,160,86,74,332.5649063555034,549.5266215939874,-216.96171523848403,0.4984,0.6052,6.3898,3.4345,3.867,-0.6524
2021-03-27,591,454,354,100,1678.7315223352891,526.733269712712,1151.9982526225772,0.7682,3.1871,1.4879,1.1602,4.7422,0.6862
2021-03-28,642,447,374,73,2133.8783231958223,462.4321593061821,1671.4461638896405,0.6963,4.6145,1.2364,1.0345,5.7056,0.7833
2021-03-29,343,287,192,95,716.7364793989493,460.56176800985486,256.17471138909445,0.8367,1.5562,2.3988,1.6047,3.733,0.3574
2021-03-30,491,205,143,62,706.5049191942517,466.2330785770326,240.2718406172191,0.4175,1.5153,3.2604,2.2743,4.9406,0.3401
2021-03-31,578,334,270,64,1240.3300793884737,352.7312693857832,887.5988100026902,0.5779,3.5164,1.3064,1.0561,4.5938,0.7156
2021-04-01,654,519,467,52,1470.6836280325483,349.0668647957199,1121.6167632368288,0.7936,4.2132,0.7475,0.6726,3.1492,0.7626
2021-04-02,338,251,187,64,760.5609591926685,558.4373876279014,202.12357156476708,0.7426,1.3619,2.9863,2.2249,4.0672,0.2658
2021-04-03,571,481,400,81,1054.6952528783054,458.2055313072518,596.4897215710536,0.8424,2.3018,1.1455,0.9526,2.6367,0.5656
2021-04-04,421,314,264,50,1180.7646603270875,486.1485891945469,694.6160711325406,0.7458,2.4288,1.8415,1.5482,4.4726,0.5883
2021-04-05,31,22,16,6,37.18738632471844,25.735318703015125,11.452067621703314,0.7097,1.445,1.6085,1.1698,2.3242,0.308
2021-04-06,706,616,531,85,2960.898689354963,203.89389016902825,2757.004799185935,0.8725,14.5218,0.384,0.331,5.5761,0.9311
2021-04-07,474,106,34,72,355.5932690298775,440.49534649649024,-84.90207746661275,0.2236,0.8073,12.9557,4.1556,10.4586,-0.2388
2021-04-08,683,347,269,78,949.6548215639706,517.6318449609291,432.02297660304146,0.5081,1.8346,1.9243,1.4917,3.5303,0.4549
2021-04-09,614,409,325,84,1252.167364925875,500.69416752659026,751.4731973992848,0.6661,2.5009,1.5406,1.2242,3.8528,0.6001
2021-04-10,443,244,171,73,1027.3417671916684,529.143328711026,498.1984384806424,0.5508,1.9415,3.0944,2.1686,6.0078,0.4849
2021-04-11,753,398,309,89,1392.2786918721015,521.4902640161285,870.7884278559732,0.5286,2.6698,1.6877,1.3103,4.5058,0.6254
2021-04-12,305,193,110,83,389.98018454800143,480.3566008411666,-90.37641629316516,0.6328,0.8119,4.3669,2.4889,3.5453,-0.2317
2021-04-13,29,27,18,9,21.33989372670562,76.27722340174886,-54.93732967504324,0.931,0.2798,4.2376,2.8251,1.1855,-2.5744
2021-04-14,422,366,298,68,817.604142787561,526.6202603169825,290.9838824705786,0.8673,1.5525,1.7672,1.4389,2.7436,0.3559
2021-04-15,334,124,70,54,255.40200844108588,390.1462717571921,-134.7442633161062,0.3713,0.6546,5.5735,3.1463,3.6486,-0.5276
2021-04-16,566,368,299,69,1169.9769373675215,200.28805424912548,969.6888831183962,0.6502,5.8415,0.6699,0.5443,3.913,0.8288
2021-04-17,741,238,185,53,817.142671385498,421.3394569586285,395.80321442686954,0.3212,1.9394,2.2775,1.7703,4.417,0.4844
2021-04-18,680,175,100,75,488.1683469134749,498.43739562411326,-10.269048710638344,0.2574,0.9794,4.9844,2.8482,4.8817,-0.021
2021-04-19,577,147,61,86,698.825390126806,410.526961286588,288.29842884021804,0.2548,1.7023,6.73,2.7927,11.4562,0.4125
2021-04-20,781,269,184,85,572.9616508585668,437.5363536815448,135.425297177022,0.3444,1.3095,2.3779,1.6265,3.1139,0.2364
2021-04-21,40,34,26,8,48.61825552716762,76.36205038046295,-27.743794853295327,0.85,0.6367,2.937,2.2459,1.8699,-0.5706
2021-04-22,509,439,389,50,1183.806090067479,230.2292942181166,953.5767958493628,0.8625,5.1419,0.5918,0.5244,3.0432,0.8055
2021-04-23,510,411,321,90,888.3722989168185,390.4478822275439,497.9244166892746,0.8059,2.2753,1.2163,0.95,2.7675,0.5605
2021-04-24,774,523,470,53,2040.318589026311,335.46167623796987,1704.856912788341,0.6757,6.0821,0.7137,0.6414,4.3411,0.8356
2021-04-25,611,217,159,58,448.5968784691949,328.4643000021337,120.13257846706114,0.3552,1.3657,2.0658,1.5137,2.8214,0.2678
2021-04-26,11,11,6,5,14.166747840141596,35.380070723383795,-21.2133228832422,1.0,0.4004,5.8967,3.2164,2.3611,-1.4974
2021-04-27,497,195,104,91,591.7107353140226,488.5723028883147,103.13843242570788,0.3924,1.2111,4.6978,2.5055,5.6895,0.1743
2021-04-28,34,31,26,5,51.02946779984017,58.9419396414185,-7.912471841578331,0.9118,0.8658,2.267,1.9014,1.9627,-0.1551
2021-04-29,563,246,172,74,1039.9751510661367,378.8658307092299,661.1093203569069,0.4369,2.745,2.2027,1.5401,6.0464,0.6357
2021-04-30,695,193,113,80,475.5200006173642,289.9305174211778,185.5894831961864,0.2777,1.6401,2.5658,1.5022,4.2081,0.3903
2021-05-01,448,239,139,100,634.018244178679,209.84105624819324,424.1771879304858,0.5335,3.0214,1.5096,0.878,4.5613,0.669
2021-05-02,347,103,46,57,424.9868343378496,299.4479621343181,125.53887220353148,0.2968,1.4192,6.5097,2.9073,9.2388,0.2954
2021-05-03,412,162,76,86,674.8257672943881,437.8821446154214,236.94362267896673,0.3932,1.5411,5.7616,2.703,8.8793,0.3511
2021-05-04,632,470,392,78,1429.505056849489,564.3897228510309,865.115333998458,0.7437,2.5328,1.4398,1.2008,3.6467,0.6052
2021-05-05,305,267,210,57,717.9861101596478,356.7140618123974,361.27204834725035,0.8754,2.0128,1.6986,1.336,3.419,0.5032
2021-05-06,34,20,19,1,39.79577271489507,64.16987314738816,-24.374100432493087,0.5882,0.6202,3.3774,3.2085,2.0945,-0.6125
2021-05-07,425,185,127,58,908.7610278363784,489.63602869783006,419.1249991385482,0.4353,1.856,3.8554,2.6467,7.1556,0.4612
2021-05-08,659,135,83,52,348.81288896156815,263.2417365866452,85.57115237492297,0.2049,1.3251,3.1716,1.9499,4.2026,0.2453
2021-05-09,305,132,48,84,282.46369331388854,555.0819850889984,-272.61829177510987,0.4328,0.5089,11.5642,4.2052,5.8847,-0.9651
2021-05-10,564,469,386,83,1336.1017502577563,504.4492385439976,831.6525117137587,0.8316,2.6486,1.3069,1.0756,3.4614,0.6224
2021-05-11,744,721,668,53,3098.1041162272286,223.8444279684456,2874.259688258783,0.9691,13.8404,0.3351,0.3105,4.6379,0.9277
2021-05-12,10,10,3,7,18.03753884795244,82.64063042926418,-64.60309158131173,1.0,0.2183,27.5469,8.2641,6.0125,-3.5816
2021-05-13,405,295,229,66,764.1840842554922,447.504830891574,316.6792533639182,0.7284,1.7077,1.9542,1.517,3.337,0.4144
2021-05-14,522,482,403,79,1544.1064388127145,378.7314170597772,1165.375021752937,0.9234,4.077,0.9398,0.7857,3.8315,0.7547
2021-05-15,49,21,15,6,21.57362638059619,80.16671716980235,-58.593090789206165,0.4286,0.2691,5.3444,3.8175,1.4382,-2.716
2021-05-16,359,158,64,94,484.2814340819568,558.6092081822826,-74.32777410032577,0.4401,0.8669,8.7283,3.5355,7.5669,-0.1535
2021-05-17,800,281,223,58,779.9917783810596,407.970982337695,372.0207960433646,0.3512,1.9119,1.8295,1.4519,3.4977,0.477
2021-05-18,435,236,167,69,956.9192001534668,580.3033735722195,376.6158265812472,0.5425,1.649,3.4749,2.4589,5.7301,0.3936
2021-05-19,571,123,67,56,526.3824505045781,370.8394987836841,155.54295172089394,0.2154,1.4194,5.5349,3.015,7.8565,0.2955
2021-05-20,423,186,118,68,707.4335930714917,208.58761630620052,498.8459767652912,0.4397,3.3915,1.7677,1.1214,5.9952,0.7051
2021-05-21,403,304,221,83,1252.5138107559906,580.307191410805,672.2066193451856,0.7543,2.1584,2.6258,1.9089,5.6675,0.5367
2021-05-22,38,37,29,8,68.60552145701317,82.9015916257572,-14.296070168744038,0.9737,0.8276,2.8587,2.2406,2.3657,-0.2084
2021-05-23,20,14,8,6,23.77889123191178,29.991448864338796,-6.212557632427018,0.7,0.7929,3.7489,2.1422,2.9724,-0.2613
2021-05-24,27,17,15,2,11.443729477470814,77.85261574099336,-66.40888626352255,0.6296,0.147,5.1902,4.5796,0.7629,-5.8031
2021-05-25,739,379,281,98,1392.7432024058846,258.28280434400085,1134.4603980618838,0.5129,5.3923,0.9192,0.6815,4.9564,0.8146
2021-05-26,554,146,61,85,698.5057404421401,207.39361668215855,491.1121237599816,0.2635,3.368,3.3999,1.4205,11.4509,0.7031
2021-05-27,395,155,75,80,694.752520952863,369.93735912001694,324.8151618328461,0.3924,1.878,4.9325,2.3867,9.2634,0.4675
2021-05-28,480,198,108,90,808.1446431432213,585.1466379209953,222.99800522222597,0.4125,1.3811,5.418,2.9553,7.4828,0.2759
2021-05-29,777,524,425,99,1317.5341220222458,480.46062380256734,837.0734982196784,0.6744,2.7422,1.1305,0.9169,3.1001,0.6353
2021-05-30,749,286,224,62,912.9284118146014,580.2669545180629,332.6614572965385,0.3818,1.5733,2.5905,2.0289,4.0756,0.3644
2021-05-31,656,453,396,57,1648.6611468025008,521.5185989878362,1127.1425478146646,0.6905,3.1613,1.317,1.1513,4.1633,0.6837
2021-06-01,316,162,102,60,795.7799425928278,570.742559249029,225.03738334379875,0.5127,1.3943,5.5955,3.5231,7.8018,0.2828
2021-06-02,410,226,165,61,635.6584728096776,225.74098442605836,409.9174883836192,0.5512,2.8159,1.3681,0.9989,3.8525,0.6449
2021-06-03,669,419,346,73,1682.228695607006,461.0171821448283,1221.2115134621777,0.6263,3.649,1.3324,1.1003,4.8619,0.7259
2021-06-04,478,299,230,69,1112.0280030242332,561.3259117163767,550.7020913078564,0.6255,1.9811,2.4405,1.8773,4.8349,0.4952
2021-06-05,717,450,361,89,1484.3277806390422,575.5426186429019,908.7851619961403,0.6276,2.579,1.5943,1.279,4.1117,0.6123
2021-06-06,489,437,356,81,935.2694315856028,497.5680253281245,437.70140625747814,0.8937,1.8797,1.3977,1.1386,2.6272,0.468
2021-06-07,316,234,171,63,847.8971491650304,422.8065352666404,425.0906138983901,0.7405,2.0054,2.4726,1.8069,4.9585,0.5013
2021-06-08,345,100,40,60,411.11762938387824,516.8676042917937,-105.74997490791544,0.2899,0.7954,12.9217,5.1687,10.2779,-0.2572
2021-06-09,544,314,219,95,1558.249905744729,259.54806756488165,1298.7018381798473,0.5772,6.0037,1.1852,0.8266,7.1153,0.8334
2021-06-10,509,178,111,67,485.3137636921048,328.24873664436245,157.06502704774238,0.3497,1.4785,2.9572,1.8441,4.3722,0.3236
2021-06-11,779,658,588,70,2259.308771829046,399.2691200191913,1860.0396518098544,0.8447,5.6586,0.679,0.6068,3.8424,0.8233
2021-06-12,719,454,380,74,1526.7866690345406,518.4755874907328,1008.311081543808,0.6314,2.9448,1.3644,1.142,4.0179,0.6604
2021-06-13,716,601,516,85,1253.3561791650318,521.279032909258,732.0771462557738,0.8394,2.4044,1.0102,0.8674,2.429,0.5841
2021-06-14,42,29,24,5,40.33782496369662,64.77426046385125,-24.43643550015463,0.6905,0.6227,2.6989,2.2336,1.6807,-0.6058
2021-06-15,736,240,146,94,570.0090727751979,517.4442341648906,52.56483861030722,0.3261,1.1016,3.5441,2.156,3.9042,0.0922
2021-06-16,11,10,4,6,19.372018760539945,87.184784747154,-67.81276598661405,0.9091,0.2222,21.7962,8.7185,4.843,-3.5006
2021-06-17,703,502,432,70,1502.172595657487,268.02783057344715,1234.1447650840396,0.7141,5.6045,0.6204,0.5339,3.4773,0.8216
2021-06-18,39,16,11,5,13.354085172963714,11.210347465548228,2.143737707415486,0.4103,1.1912,1.0191,0.7006,1.214,0.1605
2021-06-19,341,147,56,91,520.0629650217876,440.1694148954854,79.89355012630222,0.4311,1.1815,7.8602,2.9943,9.2868,0.1536
2021-06-20,457,341,263,78,899.860668395307,476.0215279313064,423.83914046400065,0.7462,1.8904,1.81,1.396,3.4215,0.471
2021-06-21,611,457,383,74,1143.4001128948048,305.1225208817182,838.2775920130866,0.748,3.7473,0.7967,0.6677,2.9854,0.7331
2021-06-22,335,110,35,75,522.8231540422368,425.9136514440845,96.90950259815224,0.3284,1.2275,12.169,3.8719,14.9378,0.1854
2021-06-23,45,18,17,1,32.5624096457271,18.70295845700359,13.859451188723511,0.4,1.741,1.1002,1.0391,1.9154,0.4256
2021-06-24,46,45,35,10,60.90302761656597,84.31452633488253,-23.41149871831656,0.9783,0.7223,2.409,1.8737,1.7401,-0.3844
2021-06-25,570,103,24,79,338.8307192770417,483.2464139862957,-144.415694709254,0.1807,0.7012,20.1353,4.6917,14.1179,-0.4262
2021-06-26,495,200,145,55,562.8108938288474,588.2778962295035,-25.467002400656156,0.404,0.9567,4.0571,2.9414,3.8815,-0.0452
2021-06-27,20,14,4,10,12.523653821439709,69.04508666905463,-56.52143284761492,0.7,0.1814,17.2613,4.9318,3.1309,-4.5132
2021-06-28,639,394,342,52,1415.386769745649,522.8111034659406,892.5756662797083,0.6166,2.7073,1.5287,1.3269,4.1386,0.6306
2021-06-29,443,100,50,50,313.31546846106437,271.49265478515974,41.82281367590463,0.2257,1.154,5.4299,2.7149,6.2663,0.1335
2021-06-30,684,201,108,93,521.1919310394982,296.611689393662,224.58024164583617,0.2939,1.7572,2.7464,1.4757,4.8259,0.4309
2021-07-01,505,235,155,80,722.7246812081077,287.4097564083021,435.3149247998056,0.4653,2.5146,1.8543,1.223,4.6627,0.6023
2021-07-02,320,227,149,78,488.3231060189511,406.00475835214064,82.31834766681044,0.7094,1.2028,2.7249,1.7886,3.2773,0.1686
2021-07-03,416,194,103,91,857.8709272476294,228.1155576811885,629.7553695664409,0.4663,3.7607,2.2147,1.1759,8.3288,0.7341
2021-07-04,615,151,79,72,413.29720716668857,546.8255262694283,-133.52831910273977,0.2455,0.7558,6.9218,3.6214,5.2316,-0.3231
2021-07-05,29,15,13,2,8.138711782209896,84.89450486085369,-76.75579307864379,0.5172,0.0959,6.5303,5.6596,0.6261,-9.431
2021-07-06,32,22,21,1,16.910151339782978,19.375421355223686,-2.465270015440709,0.6875,0.8728,0.9226,0.8807,0.8052,-0.1458
2021-07-07,357,296,213,83,1124.0491639543468,546.0580012735962,577.9911626807506,0.8291,2.0585,2.5637,1.8448,5.2772,0.5142
2021-07-08,38,11,8,3,11.448352409389344,53.65167253493511,-42.203320125545766,0.2895,0.2134,6.7065,4.8774,1.431,-3.6864
2021-07-09,584,363,278,85,1294.8686544556394,329.5496470542711,965.3190074013684,0.6216,3.9292,1.1854,0.9079,4.6578,0.7455
2021-07-10,445,257,161,96,1026.1031949120631,320.6190152979516,705.4841796141116,0.5775,3.2004,1.9914,1.2475,6.3733,0.6875
2021-07-11,36,34,30,4,23.33685474016772,33.56827985698445,-10.231425116816729,0.9444,0.6952,1.1189,0.9873,0.7779,-0.4384
2021-07-12,759,381,330,51,864.4505892597679,582.619375149842,281.8312141099259,0.502,1.4837,1.7655,1.5292,2.6195,0.326
2021-07-13,19,18,12,6,9.334614803790847,48.115048650026274,-38.780433846235425,0.9474,0.194,4.0096,2.6731,0.7779,-4.1545
2021-07-14,448,353,253,100,1662.0422589644247,590.8433973271492,1071.1988616372755,0.7879,2.813,2.3353,1.6738,6.5693,0.6445
2021-07-15,552,118,22,96,572.5913060240423,334.9222449172812,237.6690611067611,0.2138,1.7096,15.2237,2.8383,26.0269,0.4151
2021-07-16,729,114,32,82,375.9092729303226,361.5457429607965,14.363529969526098,0.1564,1.0397,11.2983,3.1715,11.7472,0.0382
2021-07-17,431,160,82,78,474.7057706135389,536.9888504030778,-62.283079789538874,0.3712,0.884,6.5486,3.3562,5.7891,-0.1312
2021-07-18,376,374,310,64,1376.9583788121472,302.89001883995945,1074.068359972188,0.9947,4.5461,0.9771,0.8099,4.4418,0.78
2021-07-19,522,211,142,69,990.0947773599244,473.49954598161855,516.5952313783058,0.4042,2.091,3.3345,2.2441,6.9725,0.5218
2021-07-20,309,203,134,69,603.5775196093426,479.5886370810502,123.98888252829244,0.657,1.2585,3.579,2.3625,4.5043,0.2054
2021-07-21,777,268,212,56,830.1407179971403,202.57998049517104,627.5607375019692,0.3449,4.0978,0.9556,0.7559,3.9158,0.756
2021-07-22,14,10,3,7,18.321821120680703,51.91375807538768,-33.59193695470698,0.7143,0.3529,17.3046,5.1914,6.1073,-1.8334
2021-07-23,401,295,220,75,1001.2584873652592,515.5730232902301,485.685464075029,0.7357,1.942,2.3435,1.7477,4.5512,0.4851
2021-07-24,337,169,115,54,628.393764301942,349.38954186890385,279.0042224330382,0.5015,1.7985,3.0382,2.0674,5.4643,0.444
2021-07-25,310,258,176,82,1265.8901999254458,391.76944649125386,874.120753434192,0.8323,3.2312,2.226,1.5185,7.1926,0.6905
2021-07-26,374,202,144,58,426.70562367063326,508.209174525182,-81.50355085454873,0.5401,0.8396,3.5292,2.5159,2.9632,-0.191
2021-07-27,310,100,41,59,297.5660179902352,236.7184820591363,60.84753593109886,0.3226,1.257,5.7736,2.3672,7.2577,0.2045
2021-07-28,643,624,537,87,2913.4312291858,355.9099356508742,2557.521293534926,0.9705,8.1859,0.6628,0.5704,5.4254,0.8778
2021-07-29,627,166,72,94,549.0808941095465,206.8285316360684,342.2523624734781,0.2648,2.6548,2.8726,1.246,7.6261,0.6233
2021-07-30,20,15,12,3,18.139103418589464,13.691215402998807,4.447888015590657,0.75,1.3249,1.1409,0.9127,1.5116,0.2452
2021-07-31,601,595,535,60,1516.01496606583,399.18115132604134,1116.8338147397887,0.99,3.7978,0.7461,0.6709,2.8337,0.7367
2021-08-01,24,17,10,7,19.411120161830468,87.75236360266558,-68.34124344083511,0.7083,0.2212,8.7752,5.1619,1.9411,-3.5207
2021-08-02,358,119,56,63,544.0953131682344,222.6534290755513,321.4418840926831,0.3324,2.4437,3.976,1.871,9.716,0.5908
2021-08-03,39,38,37,1,37.95003701715804,18.86801101939425,19.08202599776379,0.9744,2.0113,0.5099,0.4965,1.0257,0.5028
2021-08-04,340,133,40,93,618.537114764003,500.3606389262353,118.17647583776773,0.3912,1.2362,12.509,3.7621,15.4634,0.1911
2021-08-05,430,156,71,85,549.1249434280583,519.6105992452997,29.514344182758578,0.3628,1.0568,7.3185,3.3308,7.7342,0.0537
2021-08-06,481,147,86,61,671.7083260924711,340.1147008921489,331.5936252003222,0.3056,1.9749,3.9548,2.3137,7.8106,0.4937
2021-08-07,381,153,69,84,738.0110413339935,451.1196065956367,286.8914347383568,0.4016,1.636,6.538,2.9485,10.6958,0.3887
2021-08-08,409,263,199,64,1129.88763701027,566.04293566311,563.84470134716,0.643,1.9961,2.8444,2.1523,5.6778,0.499
2021-08-09,509,314,223,91,1112.5906171328052,296.361422347689,816.2291947851162,0.6169,3.7542,1.329,0.9438,4.9892,0.7336
2021-08-10,330,126,58,68,425.0667629078123,368.3303175375965,56.73644537021585,0.3818,1.154,6.3505,2.9233,7.3287,0.1335
2021-08-11,39,33,29,4,45.13001544388837,68.04036637453217,-22.9103509306438,0.8462,0.6633,2.3462,2.0618,1.5562,-0.5077
2021-08-12,323,105,14,91,482.17660734112405,540.478563566882,-58.301956225757976,0.3251,0.8921,38.6056,5.1474,34.4412,-0.1209
2021-08-13,497,244,168,76,746.8994718259568,358.40324277116764,388.4962290547891,0.4909,2.084,2.1334,1.4689,4.4458,0.5201
2021-08-14,767,259,173,86,795.4101522159307,549.791749667851,245.61840254807964,0.3377,1.4467,3.178,2.1227,4.5977,0.3088
2021-08-15,644,602,530,72,1843.4964091386423,331.17541672743886,1512.3209924112034,0.9348,5.5665,0.6249,0.5501,3.4783,0.8204
2021-08-16,43,16,8,8,30.039718809632213,31.314530685882,-1.2748118762497889,0.3721,0.9593,3.9143,1.9572,3.755,-0.0424
2021-08-17,762,116,23,93,261.0017954350847,203.33383675891713,57.667958676167586,0.1522,1.2836,8.8406,1.7529,11.3479,0.2209
2021-08-18,35,17,15,2,29.88977788922222,21.64083752566394,8.24894036355828,0.4857,1.3812,1.4427,1.273,1.9927,0.276
2021-08-19,380,241,166,75,559.0086432206638,515.6926316101362,43.31601161052754,0.6342,1.084,3.1066,2.1398,3.3675,0.0775
2021-08-20,653,448,396,52,1595.291865438633,587.8134839269164,1007.4783815117166,0.6861,2.7139,1.4844,1.3121,4.0285,0.6315
2021-08-21,770,661,583,78,2403.7619306006477,335.430660487663,2068.331270112985,0.8584,7.1662,0.5754,0.5075,4.1231,0.8605
2021-08-22,734,612,541,71,2907.1062607936433,511.7778235777503,2395.328437215893,0.8338,5.6804,0.946,0.8362,5.3736,0.824
2021-08-23,768,367,300,67,1414.2543286149803,562.4841745342874,851.7701540806929,0.4779,2.5143,1.8749,1.5327,4.7142,0.6023
2021-08-24,338,201,150,51,918.7302009007068,314.8145320658334,603.9156688348735,0.5947,2.9183,2.0988,1.5662,6.1249,0.6573
2021-08-25,392,288,225,63,1407.9849859628412,375.8627288978246,1032.1222570650166,0.7347,3.746,1.6705,1.3051,6.2577,0.733
2021-08-26,554,389,290,99,1236.3865643950285,271.9727722045553,964.4137921904731,0.7022,4.546,0.9378,0.6992,4.2634,0.78
2021-08-27,10,10,7,3,13.547820599377712,45.424363210165936,-31.87654261078822,1.0,0.2983,6.4892,4.5424,1.9354,-2.3529
2021-08-28,446,420,348,72,1219.5266510815793,205.88460982577277,1013.6420412558066,0.9417,5.9234,0.5916,0.4902,3.5044,0.8312
2021-08-29,609,206,148,58,720.4795916918266,217.8221519883136,502.65743970351303,0.3383,3.3077,1.4718,1.0574,4.8681,0.6977
2021-08-30,29,16,12,4,28.672215790192727,42.39508909530995,-13.72287330511723,0.5517,0.6763,3.5329,2.6497,2.3894,-0.4786
2021-08-31,430,396,310,86,1095.6620796014288,403.24573407730304,692.4163455241257,0.9209,2.7171,1.3008,1.0183,3.5344,0.632
2021-09-01,11,11,11,0,14.693511346898235,95.00627505517208,-80.31276370827385,1.0,0.1547,8.6369,8.6369,1.3358,-5.4659
2021-09-02,764,656,589,67,1618.5386093103914,266.18339346675566,1352.3552158436355,0.8586,6.0805,0.4519,0.4058,2.7479,0.8355
2021-09-03,434,225,150,75,556.1115499035094,309.2849608965522,246.8265890069572,0.5184,1.7981,2.0619,1.3746,3.7074,0.4438
2021-09-04,362,228,139,89,684.4640390492934,583.0027907973104,101.46124825198308,0.6298,1.174,4.1943,2.557,4.9242,0.1482
2021-09-05,352,136,60,76,636.0517040017855,500.9477331418564,135.10397085992912,0.3864,1.2697,8.3491,3.6834,10.6009,0.2124
2021-09-06,16,12,6,6,18.506841728482243,18.19463651440224,0.3122052140800022,0.75,1.0172,3.0324,1.5162,3.0845,0.0169
2021-09-07,446,435,376,59,1266.73130607424,419.5250542801488,847.206251794091,0.9753,3.0194,1.1158,0.9644,3.369,0.6688
2021-09-08,750,467,407,60,2197.3106562732096,285.62765419002,1911.6830020831896,0.6227,7.6929,0.7018,0.6116,5.3988,0.87
2021-09-09,602,111,48,63,480.40648716019894,316.6863228079627,163.72016435223622,0.1844,1.517,6.5976,2.853,10.0085,0.3408
2021-09-10,324,166,67,99,553.6156720919225,251.55184945600428,302.06382263591826,0.5123,2.2008,3.7545,1.5154,8.2629,0.5456
2021-09-11,529,125,42,83,409.93212728120574,446.72405541070583,-36.79192812950009,0.2363,0.9176,10.6363,3.5738,9.7603,-0.0898
2021-09-12,350,253,154,99,1083.101109776996,319.0065009369356,764.0946088400605,0.7229,3.3952,2.0715,1.2609,7.0331,0.7055
2021-09-13,685,330,263,67,1051.0421179377363,238.03225433725103,813.0098636004852,0.4818,4.4155,0.9051,0.7213,3.9964,0.7735
2021-09-14,790,386,326,60,832.5468470178549,233.7642988890006,598.7825481288544,0.4886,3.5615,0.7171,0.6056,2.5538,0.7192
2021-09-15,541,213,118,95,835.6072493400476,246.3341257210975,589.2731236189501,0.3937,3.3922,2.0876,1.1565,7.0814,0.7052
2021-09-16,629,616,552,64,1437.277486428177,501.3618638714459,935.9156225567313,0.9793,2.8667,0.9083,0.8139,2.6038,0.6512
2021-09-17,402,330,233,97,1626.3841742088084,513.8648083678735,1112.5193658409348,0.8209,3.165,2.2054,1.5572,6.9802,0.684
2021-09-18,495,244,161,83,597.8267409703966,446.4054524524899,151.42128851790665,0.4929,1.3392,2.7727,1.8295,3.7132,0.2533
2021-09-19,18,11,2,9,17.246817085358735,55.75154724447748,-38.50473015911874,0.6111,0.3094,27.8758,5.0683,8.6234,-2.2326
2021-09-20,466,449,353,96,1467.8758879487964,393.9865814411045,1073.8893065076918,0.9635,3.7257,1.1161,0.8775,4.1583,0.7316
2021-09-21,38,32,32,0,57.07216881751184,60.78925368806014,-3.717084870548298,0.8421,0.9389,1.8997,1.8997,1.7835,-0.0651
2021-09-22,730,614,541,73,2794.7657053793055,239.20890285685985,2555.5568025224457,0.8411,11.6834,0.4422,0.3896,5.1659,0.9144
2021-09-23,659,640,589,51,2648.9695777621055,325.6724038536268,2323.2971739084787,0.9712,8.1338,0.5529,0.5089,4.4974,0.8771
2021-09-24,20,18,18,0,9.357747965513273,40.05224729008134,-30.69449932456807,0.9,0.2336,2.2251,2.2251,0.5199,-3.2801
2021-09-25,305,255,186,69,693.070215492753,466.71395216027327,226.35626333247976,0.8361,1.485,2.5092,1.8303,3.7262,0.3266
2021-09-26,717,596,542,54,1881.011883300827,254.42338450033265,1626.5884988004946,0.8312,7.3932,0.4694,0.4269,3.4705,0.8647
2021-09-27,17,14,11,3,26.40549978701086,37.48978593926141,-11.084286152250549,0.8235,0.7043,3.4082,2.6778,2.4005,-0.4198
2021-09-28,451,254,165,89,999.29056633823,239.9192750981958,759.3712912400341,0.5632,4.1651,1.4541,0.9446,6.0563,0.7599
2021-09-29,475,255,180,75,1041.4032409178892,423.3518976820533,618.0513432358359,0.5368,2.4599,2.352,1.6602,5.7856,0.5935
2021-09-30,508,268,212,56,834.9528039951492,264.6544528777785,570.2983511173707,0.5276,3.1549,1.2484,0.9875,3.9385,0.683
2021-10-01,386,368,311,57,1175.0583546437297,233.52412636266976,941.53422828106,0.9534,5.0318,0.7509,0.6346,3.7783,0.8013
2021-10-02,409,407,341,66,1885.0921158148476,205.6576124862612,1679.4345033285863,0.9951,9.1662,0.6031,0.5053,5.5281,0.8909
2021-10-03,695,164,95,69,570.4349049306849,227.920681783315,342.5142231473699,0.236,2.5028,2.3992,1.3898,6.0046,0.6004
2021-10-04,34,21,16,5,37.441373393527954,72.35560536678071,-34.914231973252754,0.6176,0.5175,4.5222,3.4455,2.3401,-0.9325
2021-10-05,521,320,254,66,1295.768600401617,311.98972637678656,983.7788740248304,0.6142,4.1532,1.2283,0.975,5.1015,0.7592
2021-10-06,347,177,101,76,619.9735360430292,264.60705222369575,355.36648381933344,0.5101,2.343,2.6199,1.495,6.1384,0.5732
2021-10-07,501,127,59,68,417.6307437314588,459.5175910211479,-41.88684728968917,0.2535,0.9088,7.7884,3.6182,7.0785,-0.1003
2021-10-08,31,17,10,7,17.057592676294327,67.07068056546643,-50.013087889172105,0.5484,0.2543,6.7071,3.9453,1.7058,-2.932
2021-10-09,353,100,33,67,390.4774290312977,262.39157314349,128.08585588780767,0.2833,1.4881,7.9513,2.6239,11.8326,0.328
2021-10-10,351,308,228,80,1166.6424782717752,579.0332095447723,587.6092687270029,0.8775,2.0148,2.5396,1.88,5.1169,0.5037
2021-10-11,711,582,508,74,2566.506813498212,298.54821638209785,2267.958597116114,0.8186,8.5966,0.5877,0.513,5.0522,0.8837
2021-10-12,790,419,368,51,1571.1413375289242,452.7658874069292,1118.375450121995,0.5304,3.4701,1.2303,1.0806,4.2694,0.7118
2021-10-13,435,199,145,54,653.0748330340205,389.6282459334852,263.4465871005352,0.4575,1.6761,2.6871,1.9579,4.504,0.4034
2021-10-14,427,344,288,56,1051.1957107724827,577.3374145840139,473.8582961884688,0.8056,1.8208,2.0046,1.6783,3.65,0.4508
2021-10-15,525,393,335,58,1637.5701072467689,339.91458569023683,1297.655521556532,0.7486,4.8176,1.0147,0.8649,4.8883,0.7924
2021-10-16,412,355,281,74,1211.8448856800924,418.111645831191,793.7332398489013,0.8617,2.8984,1.4879,1.1778,4.3126,0.655
2021-10-17,14,12,6,6,7.343274830881146,39.973519905953985,-32.630245075072835,0.8571,0.1837,6.6623,3.3311,1.2239,-4.4436
2021-10-18,17,13,11,2,9.343965790500263,31.431264017724377,-22.08729822722411,0.7647,0.2973,2.8574,2.4178,0.8495,-2.3638
2021-10-19,601,286,188,98,573.9607114992294,428.6206814785718,145.34003002065765,0.4759,1.3391,2.2799,1.4987,3.053,0.2532
2021-10-20,683,156,101,55,626.2950404608658,584.8320457314393,41.462994729426555,0.2284,1.0709,5.7904,3.7489,6.2009,0.0662
2021-10-21,513,457,402,55,1379.8594227038693,442.68422149665105,937.1752012072184,0.8908,3.117,1.1012,0.9687,3.4325,0.6792
2021-10-22,30,26,16,10,32.7121745681134,51.96500761140672,-19.25283304329332,0.8667,0.6295,3.2478,1.9987,2.0445,-0.5886
2021-10-23,672,317,260,57,1146.048357563202,390.3289913388461,755.719366224356,0.4717,2.9361,1.5013,1.2313,4.4079,0.6594
2021-10-24,736,169,75,94,619.9557702875433,345.7666626959582,274.18910759158507,0.2296,1.793,4.6102,2.046,8.2661,0.4423
2021-10-25,48,48,41,7,77.23466201477743,40.52893188034604,36.705730134431384,1.0,1.9057,0.9885,0.8444,1.8838,0.4752
2021-10-26,718,460,363,97,1115.526470683462,421.4601315006672,694.0663391827949,0.6407,2.6468,1.161,0.9162,3.0731,0.6222
2021-10-27,621,495,425,70,1932.328986440312,302.70195633026987,1629.627030110042,0.7971,6.3836,0.7122,0.6115,4.5467,0.8433
2021-10-28,16,11,2,9,15.999820693044455,42.08884208615147,-26.089021393107014,0.6875,0.3801,21.0444,3.8263,7.9999,-1.6306
2021-10-29,511,135,49,86,630.1226731752253,223.4009721470551,406.7217010281702,0.2642,2.8206,4.5592,1.6548,12.8596,0.6455
2021-10-30,48,13,5,8,22.23013072540129,42.14704809813532,-19.916917372734034,0.2708,0.5274,8.4294,3.2421,4.446,-0.8959
2021-10-31,32,29,27,2,19.04194204749946,47.58114263226154,-28.53920058476208,0.9062,0.4002,1.7623,1.6407,0.7053,-1.4988
2021-11-01,321,269,200,69,917.6396412238146,261.2198305877077,656.4198106361068,0.838,3.5129,1.3061,0.9711,4.5882,0.7153
2021-11-02,648,427,336,91,1630.1462340285311,270.87532696736355,1359.2709070611677,0.659,6.0181,0.8062,0.6344,4.8516,0.8338
2021-11-03,512,416,349,67,1429.9951477566387,242.57801916471416,1187.417128591925,0.8125,5.895,0.6951,0.5831,4.0974,0.8304
2021-11-04,747,306,220,86,945.5416040893572,489.35397696109095,456.18762712826634,0.4096,1.9322,2.2243,1.5992,4.2979,0.4825
2021-11-05,388,253,160,93,679.4202029446053,487.60356580935854,191.81663713524676,0.6521,1.3934,3.0475,1.9273,4.2464,0.2823
2021-11-06,792,742,675,67,2639.317207738763,222.53238421812168,2416.7848235206416,0.9369,11.8604,0.3297,0.2999,3.9101,0.9157
2021-11-07,303,132,64,68,507.57578565978486,531.6905366214646,-24.11475096167976,0.4356,0.9546,8.3077,4.028,7.9309,-0.0475
2021-11-08,608,205,142,63,725.7234618148981,273.11795191643915,452.60550989845893,0.3372,2.6572,1.9234,1.3323,5.1107,0.6237
2021-11-09,442,395,321,74,830.9289454479783,370.06442447621305,460.8645209717653,0.8937,2.2454,1.1528,0.9369,2.5886,0.5546
2021-11-10,37,23,21,2,23.567658315114315,26.980555062648353,-3.412896747534038,0.6216,0.8735,1.2848,1.1731,1.1223,-0.1448
2021-11-11,634,220,145,75,561.1165835288234,254.41782317010237,306.6987603587211,0.347,2.2055,1.7546,1.1564,3.8698,0.5466
2021-11-12,646,526,469,57,2164.4841643899213,246.89983005129284,1917.5843343386284,0.8142,8.7666,0.5264,0.4694,4.6151,0.8859
2021-11-13,403,347,290,57,1548.0137572799524,247.33734385950356,1300.6764134204489,0.861,6.2587,0.8529,0.7128,5.338,0.8402
2021-11-14,471,429,362,67,1627.9199096836153,408.9200357075201,1218.9998739760952,0.9108,3.981,1.1296,0.9532,4.497,0.7488
2021-11-15,443,338,265,73,1279.0876114969838,400.0697362582299,879.0178752387538,0.763,3.1972,1.5097,1.1836,4.8267,0.6872
2021-11-16,524,147,77,70,540.3417471783005,508.7192530413856,31.622494136914895,0.2805,1.0622,6.6067,3.4607,7.0174,0.0585
2021-11-17,500,157,80,77,504.1185377048532,406.42520393207514,97.69333377277808,0.314,1.2404,5.0803,2.5887,6.3015,0.1938
2021-11-18,756,404,350,54,1109.5989860850004,577.4336699194462,532.1653161655543,0.5344,1.9216,1.6498,1.4293,3.1703,0.4796
2021-11-19,652,321,228,93,1363.8111115915024,226.39760169434177,1137.4135098971606,0.4923,6.024,0.993,0.7053,5.9816,0.834
2021-11-20,487,289,222,67,776.4416205292272,403.2107807025489,373.2308398266783,0.5934,1.9256,1.8163,1.3952,3.4975,0.4807
2021-11-21,42,29,27,2,56.40603111183418,33.638578999531816,22.767452112302365,0.6905,1.6768,1.2459,1.16,2.0891,0.4036
2021-11-22,360,300,238,62,633.6140032367637,510.05019996647405,123.5638032702896,0.8333,1.2423,2.1431,1.7002,2.6622,0.195
2021-11-23,392,149,89,60,648.8404572627603,474.9991785419199,173.84127872084042,0.3801,1.366,5.3371,3.1879,7.2903,0.2679
2021-11-24,304,123,45,78,294.94775577630645,507.1677395602144,-212.2199837839079,0.4046,0.5816,11.2704,4.1233,6.5544,-0.7195
2021-11-25,33,16,10,6,31.503534028873418,13.68377054716785,17.819763481705568,0.4848,2.3023,1.3684,0.8552,3.1504,0.5656
2021-11-26,33,30,27,3,40.88533447228451,13.73629432252127,27.149040149763245,0.9091,2.9764,0.5088,0.4579,1.5143,0.664
2021-11-27,16,13,12,1,19.52740486560476,20.0477265527916,-0.5203216871868435,0.8125,0.974,1.6706,1.5421,1.6273,-0.0266
2021-11-28,782,718,653,65,2144.8301944452437,521.2271995575852,1623.6029948876585,0.9182,4.115,0.7982,0.7259,3.2846,0.757
2021-11-29,358,280,198,82,913.1900787943422,336.027929629984,577.1621491643582,0.7821,2.7176,1.6971,1.2001,4.6121,0.632
2021-11-30,37,18,13,5,30.333515999774463,60.841278569195886,-30.50776256942142,0.4865,0.4986,4.6801,3.3801,2.3333,-1.0057
2021-12-01,744,353,288,65,1571.3749608846083,226.9120899983949,1344.4628708862135,0.4745,6.925,0.7879,0.6428,5.4562,0.8556
2021-12-02,703,180,81,99,734.1496481868287,329.9867711009499,404.1628770858788,0.256,2.2248,4.0739,1.8333,9.0636,0.5505
2021-12-03,19,12,12,0,19.449804440024476,49.046002184596425,-29.59619774457195,0.6316,0.3966,4.0872,4.0872,1.6208,-1.5217
2021-12-04,769,191,113,78,397.4267905937666,558.3284073658822,-160.90161677211557,0.2484,0.7118,4.941,2.9232,3.5171,-0.4049
2021-12-05,508,251,174,77,879.6289449918355,492.60748521032053,387.021459781515,0.4941,1.7857,2.8311,1.9626,5.0553,0.44
2021-12-06,376,148,85,63,637.8862435332264,259.7746398810465,378.1116036521799,0.3936,2.4555,3.0562,1.7552,7.5045,0.5928
2021-12-07,482,165,89,76,410.529373981679,350.7085076613538,59.82086632032514,0.3423,1.1706,3.9405,2.1255,4.6127,0.1457
2021-12-08,535,379,288,91,1850.9292072143055,295.1022089142783,1555.8269983000273,0.7084,6.2722,1.0247,0.7786,6.4268,0.8406
2021-12-09,16,12,9,3,21.990072329125713,69.56565444107335,-47.57558211194764,0.75,0.3161,7.7295,5.7971,2.4433,-2.1635
2021-12-10,25,23,19,4,29.725795012287502,94.17136815635214,-64.44557314406464,0.92,0.3157,4.9564,4.0944,1.5645,-2.168
2021-12-11,587,217,134,83,954.5891898956256,485.6170707943676,468.9721191012581,0.3697,1.9657,3.624,2.2379,7.1238,0.4913
2021-12-12,728,405,327,78,1903.6925938897052,265.85103597084316,1637.841557918862,0.5563,7.1607,0.813,0.6564,5.8217,0.8603
2021-12-13,35,11,5,6,21.698313255992513,13.719157906844265,7.97915534914825,0.3143,1.5816,2.7438,1.2472,4.3397,0.3677
2021-12-14,29,22,18,4,41.44663018176168,28.471448416949706,12.975181764811971,0.7586,1.4557,1.5817,1.2942,2.3026,0.3131
2021-12-15,787,466,404,62,1742.5969502395965,269.1015787135234,1473.495371526073,0.5921,6.4756,0.6661,0.5775,4.3134,0.8456
2021-12-16,755,346,293,53,1238.938776632026,414.6067927618637,824.3319838701623,0.4583,2.9882,1.415,1.1983,4.2285,0.6654
2021-12-17,721,149,54,95,694.6647445446878,239.52637709125963,455.13836745342815,0.2067,2.9002,4.4357,1.6076,12.8642,0.6552
2021-12-18,23,23,15,8,26.408378078717508,20.416554222684237,5.991823856033271,1.0,1.2935,1.3611,0.8877,1.7606,0.2269
2021-12-19,558,342,281,61,1033.9848009711875,592.2741567832509,441.7106441879369,0.6129,1.7458,2.1077,1.7318,3.6797,0.4272
2021-12-20,337,230,158,72,609.3271657844664,263.92039447572256,345.4067713087438,0.6825,2.3088,1.6704,1.1475,3.8565,0.5669
2021-12-21,687,494,416,78,1229.3401141928327,562.9066893328654,666.4334248599673,0.7191,2.1839,1.3531,1.1395,2.9551,0.5421
2021-12-22,670,585,490,95,1791.7035038557783,315.6901730231581,1476.0133308326203,0.8731,5.6755,0.6443,0.5396,3.6565,0.8238
2021-12-23,540,504,441,63,1941.2513895569848,504.3046633871302,1436.9467261698544,0.9333,3.8494,1.1435,1.0006,4.4019,0.7402
2021-12-24,732,489,429,60,1232.006059759092,457.7735413818834,774.2325183772086,0.668,2.6913,1.0671,0.9361,2.8718,0.6284
2021-12-25,374,196,104,92,866.4339651819008,335.2503786187848,531.183586563116,0.5241,2.5844,3.2236,1.7105,8.3311,0.6131
2021-12-26,531,387,304,83,1897.120612119931,492.4786647685208,1404.6419473514102,0.7288,3.8522,1.62,1.2726,6.2405,0.7404
2021-12-27,437,153,84,69,536.6173299578021,440.37913036307464,96.23819959472746,0.3501,1.2185,5.2426,2.8783,6.3883,0.1793
2021-12-28,18,12,3,9,15.786289139857368,74.09074031853,-58.30445117867263,0.6667,0.2131,24.6969,6.1742,5.2621,-3.6934
2021-12-29,688,522,424,98,1809.6730553601708,299.73175654954446,1509.9412988106264,0.7587,6.0376,0.7069,0.5742,4.2681,0.8344
2021-12-30,410,355,270,85,1762.2363569670422,330.7326182951113,1431.503738671931,0.8659,5.3283,1.2249,0.9316,6.5268,0.8123
2021-12-31,12,12,9,3,14.388477735036206,32.99142191245891,-18.602944177422707,1.0,0.4361,3.6657,2.7493,1.5987,-1.2929
2022-01-01,412,264,188,76,1059.423669446354,496.74683717341634,562.6768322729375,0.6408,2.1327,2.6423,1.8816,5.6352,0.5311
2022-01-02,771,490,408,82,1724.2488800299718,469.755728031028,1254.493151998944,0.6355,3.6705,1.1514,0.9587,4.2261,0.7276
2022-01-03,30,19,13,6,28.806882669370346,33.70038341601102,-4.893500746640676,0.6333,0.8548,2.5923,1.7737,2.2159,-0.1699
2022-01-04,15,14,7,7,14.237624819713355,40.386809083245225,-26.149184263531872,0.9333,0.3525,5.7695,2.8848,2.0339,-1.8366
2022-01-05,556,412,336,76,1650.3935646454793,453.1481943496819,1197.245370295797,0.741,3.6421,1.3487,1.0999,4.9119,0.7254
2022-01-06,354,193,104,89,433.00975276152855,441.03518607410456,-8.025433312576013,0.5452,0.9818,4.2407,2.2852,4.1636,-0.0185
2022-01-07,558,384,288,96,1680.654165991548,519.5768292556511,1161.0773367358968,0.6882,3.2347,1.8041,1.3531,5.8356,0.6908
2022-01-08,583,134,36,98,533.8653857638483,474.59497497038086,59.27041079346742,0.2298,1.1249,13.1832,3.5418,14.8296,0.111
2022-01-09,678,118,64,54,246.70379635334345,329.21713318116645,-82.51333682782303,0.174,0.7494,5.144,2.79,3.8547,-0.3345
2022-01-10,433,355,267,88,1174.8393718109264,274.14504574493225,900.6943260659941,0.8199,4.2855,1.0268,0.7722,4.4001,0.7667
2022-01-11,446,160,81,79,439.7804433950464,562.4621151680823,-122.68167177303587,0.3587,0.7819,6.944,3.5154,5.4294,-0.279
2022-01-12,20,13,12,1,11.83538389315724,94.08927764920044,-82.25389375604321,0.65,0.1258,7.8408,7.2376,0.9863,-6.9498
2022-01-13,598,486,423,63,1942.0450475071125,565.6634777426002,1376.381569764512,0.8127,3.4332,1.3373,1.1639,4.5911,0.7087
2022-01-14,797,676,600,76,1861.7196733466176,479.2887112931939,1382.4309620534236,0.8482,3.8843,0.7988,0.709,3.1029,0.7426
2022-01-15,459,356,279,77,844.4830002583116,389.610939841941,454.8720604163706,0.7756,2.1675,1.3965,1.0944,3.0268,0.5386
2022-01-16,638,573,513,60,1505.3738270028657,478.93861635762624,1026.4352106452395,0.8981,3.1431,0.9336,0.8358,2.9345,0.6818
2022-01-17,647,446,354,92,1232.2412429464307,286.15553837634593,946.0857045700848,0.6893,4.3062,0.8083,0.6416,3.4809,0.7678
2022-01-18,658,512,462,50,2257.053308970971,347.2198354108789,1909.833473560092,0.7781,6.5004,0.7516,0.6782,4.8854,0.8462
2022-01-19,13,12,3,9,17.64035582783583,50.05759968913703,-32.4172438613012,0.9231,0.3524,16.6859,4.1715,5.8801,-1.8377
2022-01-20,395,239,148,91,553.3625429612059,302.3929301330792,250.9696128281267,0.6051,1.8299,2.0432,1.2652,3.7389,0.4535
2022-01-21,563,452,364,88,1308.3057427580184,274.26064382789593,1034.0450989301223,0.8028,4.7703,0.7535,0.6068,3.5942,0.7904
2022-01-22,493,456,402,54,994.6431606557204,546.6528021697158,447.99035848600454,0.9249,1.8195,1.3598,1.1988,2.4742,0.4504
2022-01-23,647,396,303,93,1279.530726145612,254.0603389677634,1025.4703871778484,0.6121,5.0363,0.8385,0.6416,4.2229,0.8014
2022-01-24,423,389,326,63,1366.2285726895022,430.47328697250305,935.7552857169992,0.9196,3.1738,1.3205,1.1066,4.1909,0.6849
2022-01-25,49,11,5,6,13.755523855160224,83.51440802023912,-69.7588841650789,0.2245,0.1647,16.7029,7.5922,2.7511,-5.0713
2022-01-26,47,21,15,6,15.811514836676746,50.382647362524565,-34.571132525847815,0.4468,0.3138,3.3588,2.3992,1.0541,-2.1865
2022-01-27,750,175,113,62,868.6424877233885,523.3055116809123,345.3369760424762,0.2333,1.6599,4.631,2.9903,7.6871,0.3976
2022-01-28,659,311,248,63,1223.2451994563994,420.8581820149771,802.3870174414224,0.4719,2.9065,1.697,1.3532,4.9324,0.6559
2022-01-29,380,337,259,78,1528.803859935847,421.16205776932895,1107.641802166518,0.8868,3.63,1.6261,1.2497,5.9027,0.7245
2022-01-30,358,326,266,60,1157.8610808851265,202.88582363954495,954.9752572455816,0.9106,5.707,0.7627,0.6223,4.3529,0.8248
2022-01-31,42,19,16,3,28.41279683806011,15.344872112504271,13.06792472555584,0.4524,1.8516,0.9591,0.8076,1.7758,0.4599
2022-02-01,521,516,460,56,1158.0281446608071,412.5763241476834,745.4518205131237,0.9904,2.8068,0.8969,0.7996,2.5175,0.6437
2022-02-02,588,276,204,72,1258.7322058387508,578.4901170265132,680.2420888122376,0.4694,2.1759,2.8357,2.096,6.1703,0.5404
2022-02-03,21,18,12,6,31.982365282762387,30.21176236063986,1.770602922122528,0.8571,1.0586,2.5176,1.6784,2.6652,0.0554
2022-02-04,475,271,192,79,1098.3035816285794,271.19056156202487,827.1130200665546,0.5705,4.0499,1.4125,1.0007,5.7203,0.7531
2022-02-05,432,336,258,78,840.142580596673,384.40693789600095,455.7356427006721,0.7778,2.1856,1.4899,1.1441,3.2564,0.5425
2022-02-06,392,392,342,50,1800.6151287297391,473.3897324196167,1327.2253963101225,1.0,3.8037,1.3842,1.2076,5.265,0.7371
2022-02-07,708,325,230,95,1583.1669767674628,252.03125336043712,1331.1357234070256,0.459,6.2816,1.0958,0.7755,6.8833,0.8408
2022-02-08,27,25,17,8,45.96187319495062,19.730245045036614,26.231628149914,0.9259,2.3295,1.1606,0.7892,2.7036,0.5707
2022-02-09,688,501,408,93,1350.9911467377203,355.5239106122772,995.4672361254432,0.7282,3.8,0.8714,0.7096,3.3113,0.7368
2022-02-10,329,317,238,79,761.7413032368103,552.2004248544206,209.54087838238968,0.9635,1.3795,2.3202,1.742,3.2006,0.2751
2022-02-11,371,115,53,62,342.5570267140161,413.2929785246905,-70.73595181067441,0.31,0.8288,7.798,3.5939,6.4633,-0.2065
2022-02-12,39,23,14,9,13.743327270698224,82.13948264981587,-68.39615537911766,0.5897,0.1673,5.8671,3.5713,0.9817,-4.9767
2022-02-13,570,235,173,62,798.8881137994641,248.85403340592012,550.034080393544,0.4123,3.2103,1.4385,1.059,4.6179,0.6885
2022-02-14,17,15,15,0,22.21188588851848,73.8828684551091,-51.670982566590624,0.8824,0.3006,4.9255,4.9255,1.4808,-2.3263
2022-02-15,495,385,294,91,1788.392501632038,553.9010884925267,1234.4914131395117,0.7778,3.2287,1.884,1.4387,6.083,0.6903
2022-02-16,505,313,237,76,1477.4660112081565,441.90703437573495,1035.5589768324212,0.6198,3.3434,1.8646,1.4118,6.234,0.7009
2022-02-17,365,260,190,70,794.7483075041334,500.42518114197554,294.3231263621579,0.7123,1.5881,2.6338,1.9247,4.1829,0.3703
2022-02-18,649,575,513,62,1698.7872691200612,434.7060288023113,1264.08124031775,0.886,3.9079,0.8474,0.756,3.3115,0.7441
2022-02-19,376,314,225,89,1165.3855182777363,346.35631283618955,819.0292054415468,0.8351,3.3647,1.5394,1.103,5.1795,0.7028
2022-02-20,773,159,98,61,608.8738924715321,520.483460531898,88.39043193963414,0.2057,1.1698,5.3111,3.2735,6.213,0.1452
2022-02-21,518,394,300,94,1911.209795775993,405.1212110326732,1506.0885847433196,0.7606,4.7176,1.3504,1.0282,6.3707,0.788
2022-02-22,439,408,308,100,933.6779797212138,532.250584540491,401.4273951807228,0.9294,1.7542,1.7281,1.3045,3.0314,0.4299
2022-02-23,321,106,56,50,388.12919045856785,309.54141217810854,78.5877782804593,0.3302,1.2539,5.5275,2.9202,6.9309,0.2025
2022-02-24,474,316,217,99,972.0632908589212,541.0424864113279,431.02080444759326,0.6667,1.7966,2.4933,1.7122,4.4796,0.4434
2022-02-25,724,159,92,67,563.384138840806,267.2466823871872,296.1374564536188,0.2196,2.1081,2.9049,1.6808,6.1237,0.5256
2022-02-26,343,182,125,57,835.0675161760912,485.050222881509,350.0172932945822,0.5306,1.7216,3.8804,2.6651,6.6805,0.4191
2022-02-27,770,600,500,100,2886.973633106094,312.7521108877603,2574.2215222183336,0.7792,9.2309,0.6255,0.5213,5.7739,0.8917
2022-02-28,675,321,261,60,839.8971047492529,383.6665505126051,456.2305542366478,0.4756,2.1891,1.47,1.1952,3.218,0.5432
2022-03-01,524,380,300,80,1437.5457058167306,288.53264844134515,1149.0130573753854,0.7252,4.9823,0.9618,0.7593,4.7918,0.7993
2022-03-02,366,277,190,87,1102.382400413361,546.0903137064854,556.2920867068756,0.7568,2.0187,2.8742,1.9714,5.802,0.5046
2022-03-03,595,519,461,58,1490.035208252965,351.5580945646569,1138.4771136883082,0.8723,4.2384,0.7626,0.6774,3.2322,0.7641
2022-03-04,440,280,224,56,658.3227103416647,290.51342909716163,367.80928124450304,0.6364,2.2661,1.2969,1.0375,2.9389,0.5587
2022-03-05,592,254,204,50,1260.4795053631285,428.1505218789675,832.328983484161,0.4291,2.944,2.0988,1.6856,6.1788,0.6603
2022-03-06,13,13,7,6,15.24402412695527,45.04370528951465,-29.799681162559377,1.0,0.3384,6.4348,3.4649,2.1777,-1.9548
2022-03-07,732,204,152,52,962.5772265357242,420.14078744083497,542.4364390948892,0.2787,2.2911,2.7641,2.0595,6.3327,0.5635
2022-03-08,425,170,83,87,802.009871608285,352.8919528602494,449.11791874803566,0.4,2.2727,4.2517,2.0758,9.6628,0.56
2022-03-09,10,10,5,5,18.058513390535666,70.89365242257017,-52.835139032034505,1.0,0.2547,14.1787,7.0894,3.6117,-2.9258
2022-03-10,448,398,326,72,839.9770841866081,463.19830664372034,376.7787775428877,0.8884,1.8134,1.4209,1.1638,2.5766,0.4486
2022-03-11,22,19,10,9,30.16681299214677,61.090509755266034,-30.923696763119263,0.8636,0.4938,6.1091,3.2153,3.0167,-1.0251
2022-03-12,735,255,180,75,1081.8626605223517,554.583690634495,527.2789698878564,0.3469,1.9508,3.081,2.1748,6.0103,0.4874
2022-03-13,374,137,50,87,590.390302402835,333.3419821586623,257.0483202441727,0.3663,1.7711,6.6668,2.4332,11.8078,0.4354
2022-03-14,600,303,251,52,1343.90047656118,476.3886314208929,867.5118451402869,0.505,2.821,1.898,1.5722,5.3542,0.6455
2022-03-15,689,574,515,59,2154.554942640942,491.0440394995944,1663.5109031413476,0.8331,4.3877,0.9535,0.8555,4.1836,0.7721
2022-03-16,361,198,114,84,683.8322416903843,387.5357242496954,296.2965174406889,0.5485,1.7646,3.3994,1.9573,5.9985,0.4333
2022-03-17,646,117,38,79,509.277179381067,238.1562441436895,271.1209352373776,0.1811,2.1384,6.2673,2.0355,13.402,0.5324
2022-03-18,25,22,18,4,26.85273410202911,99.88071925824175,-73.02798515621264,0.88,0.2688,5.5489,4.54,1.4918,-2.7196
2022-03-19,578,521,449,72,1786.9132910019716,408.51787089269146,1378.3954201092802,0.9014,4.3741,0.9098,0.7841,3.9798,0.7714
2022-03-20,729,628,555,73,2015.7843748580915,431.8677647935822,1583.916610064509,0.8615,4.6676,0.7781,0.6877,3.632,0.7858
2022-03-21,769,674,577,97,1618.251694094786,306.26530210561054,1311.9863919891754,0.8765,5.2838,0.5308,0.4544,2.8046,0.8107
2022-03-22,26,18,18,0,28.39715037981775,81.54090122659125,-53.1437508467735,0.6923,0.3483,4.5301,4.5301,1.5776,-1.8714
2022-03-23,636,526,434,92,2569.7764832164344,281.91499069861425,2287.86149251782,0.827,9.1154,0.6496,0.536,5.9211,0.8903
2022-03-24,600,329,239,90,671.6409965472249,417.5194234773542,254.12157306987064,0.5483,1.6086,1.7469,1.2691,2.8102,0.3784
2022-03-25,703,214,120,94,758.8394935012393,431.74533068635617,327.09416281488313,0.3044,1.7576,3.5979,2.0175,6.3237,0.431
2022-03-26,423,102,8,94,310.28076069889585,265.90573110499355,44.3750295939023,0.2411,1.1669,33.2382,2.6069,38.7851,0.143
2022-03-27,400,292,209,83,703.3108553081345,362.4825733545219,340.8282819536126,0.73,1.9403,1.7344,1.2414,3.3651,0.4846
2022-03-28,13,11,3,8,10.584564587214835,90.75419075976826,-80.16962617255342,0.8462,0.1166,30.2514,8.2504,3.5282,-7.5742
2022-03-29,438,327,245,82,1136.0862162178369,203.50320557060385,932.583010647233,0.7466,5.5826,0.8306,0.6223,4.6371,0.8209
2022-03-30,407,273,192,81,839.4919792479195,456.13575453792527,383.35622470999425,0.6708,1.8404,2.3757,1.6708,4.3724,0.4567
2022-03-31,30,25,22,3,23.263940014128995,19.01074417754743,4.253195836581565,0.8333,1.2237,0.8641,0.7604,1.0575,0.1828
2022-04-01,49,47,47,0,77.4283187297848,41.60474066121691,35.8235780685679,0.9592,1.861,0.8852,0.8852,1.6474,0.4627
2022-04-02,453,284,209,75,904.4818425430587,502.9950760593464,401.4867664837125,0.6269,1.7982,2.4067,1.7711,4.3277,0.4439
2022-04-03,786,740,682,58,2795.1962906168274,402.49921903721224,2392.697071579615,0.9415,6.9446,0.5902,0.5439,4.0985,0.856
2022-04-04,704,590,497,93,1231.6783581055458,561.829462349527,669.8488957560188,0.8381,2.1923,1.1304,0.9523,2.4782,0.5439
2022-04-05,732,237,158,79,870.4110988238988,504.04579021001894,366.36530861387985,0.3238,1.7268,3.1902,2.1268,5.5089,0.4209
2022-04-06,382,257,182,75,1140.8242808498003,546.1926451381601,594.6316357116405,0.6728,2.0887,3.0011,2.1253,6.2683,0.5212
2022-04-07,303,197,122,75,529.7350243430907,336.58351328742447,193.15151105566625,0.6502,1.5739,2.7589,1.7085,4.3421,0.3646
2022-04-08,628,131,58,73,262.87502849904394,388.2600599831416,-125.38503148409762,0.2086,0.6771,6.6941,2.9638,4.5323,-0.477
2022-04-09,362,113,43,70,276.4837920713558,423.04070671706927,-146.55691464571345,0.3122,0.6536,9.8382,3.7437,6.4299,-0.5301
2022-04-10,591,221,162,59,458.48931669258263,263.7924124164515,194.6969042761311,0.3739,1.7381,1.6283,1.1936,2.8302,0.4246
2022-04-11,719,417,345,72,1416.094677558573,474.5452518512076,941.5494257073656,0.58,2.9841,1.3755,1.138,4.1046,0.6649
2022-04-12,485,253,158,95,1091.155274350395,414.886859406393,676.2684149440021,0.5216,2.63,2.6259,1.6399,6.906,0.6198
2022-04-13,33,10,1,9,15.412772642108648,49.72793825712535,-34.3151656150167,0.303,0.3099,49.7279,4.9728,15.4128,-2.2264
2022-04-14,359,200,122,78,842.6872866309723,235.34242188000283,607.3448647509695,0.5571,3.5807,1.929,1.1767,6.9073,0.7207
2022-04-15,707,703,609,94,2007.88835429305,510.35594718450767,1497.5324071085424,0.9943,3.9343,0.838,0.726,3.297,0.7458
2022-04-16,465,423,325,98,1707.0997340001888,262.1970602808159,1444.902673719373,0.9097,6.5108,0.8068,0.6199,5.2526,0.8464
2022-04-17,601,162,84,78,345.9202453178713,523.2980638912807,-177.37781857340934,0.2696,0.661,6.2297,3.2302,4.1181,-0.5128
2022-04-18,363,221,123,98,483.9776708720425,366.867050878892,117.11061999315052,0.6088,1.3192,2.9827,1.66,3.9348,0.242
2022-04-19,713,166,109,57,581.4740830425833,505.6752543789818,75.79882866360151,0.2328,1.1499,4.6392,3.0462,5.3346,0.1304
2022-04-20,757,324,241,83,840.7231846509819,444.8240848058247,395.8990998451572,0.428,1.89,1.8457,1.3729,3.4885,0.4709
2022-04-21,667,321,264,57,1488.1859627287915,322.61780953548987,1165.5681531933017,0.4813,4.6128,1.222,1.005,5.6371,0.7832
2022-04-22,310,196,112,84,921.1565794228618,529.4106556613918,391.7459237614699,0.6323,1.74,4.7269,2.7011,8.2246,0.4253
2022-04-23,661,216,147,69,965.6169598041938,200.8595605542266,764.7573992499672,0.3268,4.8074,1.3664,0.9299,6.5688,0.792
2022-04-24,373,352,294,58,953.4526983147329,547.6158489510115,405.8368493637213,0.9437,1.7411,1.8626,1.5557,3.243,0.4256
2022-04-25,526,268,206,62,536.5233914192784,286.99937483799806,249.5240165812803,0.5095,1.8694,1.3932,1.0709,2.6045,0.4651
2022-04-26,494,383,313,70,1228.5675355735837,264.0755175583415,964.492018015242,0.7753,4.6523,0.8437,0.6895,3.9251,0.7851
2022-04-27,34,24,23,1,12.535621474683657,56.28414765027739,-43.74852617559374,0.7059,0.2227,2.4471,2.3452,0.545,-3.4899
2022-04-28,755,460,394,66,1163.9223223088982,360.198555652976,803.7237666559222,0.6093,3.2313,0.9142,0.783,2.9541,0.6905
2022-04-29,540,501,442,59,1552.6192482433275,304.1615514118099,1248.4576968315178,0.9278,5.1046,0.6881,0.6071,3.5127,0.8041
2022-04-30,479,183,106,77,386.83484825828504,338.1046574960521,48.73019076223295,0.382,1.1441,3.1897,1.8476,3.6494,0.126
2022-05-01,582,323,248,75,1281.387646236219,288.7737718139946,992.6138744222244,0.555,4.4373,1.1644,0.894,5.1669,0.7746
2022-05-02,450,257,182,75,580.8789255603186,598.2172072176372,-17.33828165731859,0.5711,0.971,3.2869,2.3277,3.1916,-0.0298
2022-05-03,17,11,10,1,12.437945173280262,36.747409172995376,-24.309463999715113,0.6471,0.3385,3.6747,3.3407,1.2438,-1.9545
2022-05-04,383,297,232,65,615.466089406973,486.55591955158417,128.9101698553888,0.7755,1.2649,2.0972,1.6382,2.6529,0.2095
2022-05-05,434,428,364,64,1811.3989390408972,484.8390876577001,1326.5598513831972,0.9862,3.7361,1.332,1.1328,4.9764,0.7323
2022-05-06,490,388,317,71,1795.462428544991,234.8999134906062,1560.5625150543851,0.7918,7.6435,0.741,0.6054,5.6639,0.8692
2022-05-07,23,21,15,6,41.15726493857478,46.613314717179655,-5.4560497786048785,0.913,0.883,3.1076,2.2197,2.7438,-0.1326
2022-05-08,795,786,708,78,1729.0538279641933,592.9165707245155,1136.1372572396776,0.9887,2.9162,0.8375,0.7543,2.4422,0.6571
2022-05-09,452,394,335,59,1481.477678302074,431.665652043815,1049.812026258259,0.8717,3.432,1.2886,1.0956,4.4223,0.7086
2022-05-10,754,561,509,52,1679.4524559612207,462.28075970840854,1217.171696252812,0.744,3.633,0.9082,0.824,3.2995,0.7247
2022-05-11,671,330,251,79,1034.4918841627584,474.5896630860898,559.9022210766686,0.4918,2.1798,1.8908,1.4382,4.1215,0.5412
2022-05-12,709,629,560,69,2046.1932718142432,283.67521800881855,1762.5180538054249,0.8872,7.2132,0.5066,0.451,3.6539,0.8614
2022-05-13,597,322,271,51,1028.5629330214567,479.76719678620026,548.7957362352565,0.5394,2.1439,1.7704,1.49,3.7954,0.5336
2022-05-14,794,600,511,89,1763.6218416890988,295.4153659256216,1468.206475763477,0.7557,5.97,0.5781,0.4924,3.4513,0.8325
2022-05-15,571,250,195,55,852.4606416903553,220.62085605835568,631.8397856319996,0.4378,3.8639,1.1314,0.8825,4.3716,0.7412
2022-05-16,620,530,442,88,2621.764864930787,370.9431927359468,2250.82167219484,0.8548,7.0678,0.8392,0.6999,5.9316,0.8585
2022-05-17,340,229,156,73,1120.9589691963326,443.658234793718,677.3007344026146,0.6735,2.5266,2.844,1.9374,7.1856,0.6042
2022-05-18,481,444,345,99,1815.8971592516184,464.3720959325798,1351.525063319039,0.9231,3.9104,1.346,1.0459,5.2635,0.7443
2022-05-19,789,408,319,89,1329.4386501040815,474.1836358249801,855.2550142791014,0.5171,2.8036,1.4865,1.1622,4.1675,0.6433
2022-05-20,743,259,203,56,994.001819413912,467.6918931415772,526.3099262723349,0.3486,2.1253,2.3039,1.8058,4.8966,0.5295
2022-05-21,493,343,256,87,1704.3079698325498,592.301459948223,1112.0065098843268,0.6957,2.8774,2.3137,1.7268,6.6575,0.6525
2022-05-22,337,237,158,79,1017.0466100684972,372.2048612740707,644.8417487944266,0.7033,2.7325,2.3557,1.5705,6.437,0.634
2022-05-23,322,249,155,94,800.1145242100727,523.7430509448416,276.3714732652311,0.7733,1.5277,3.379,2.1034,5.162,0.3454
2022-05-24,626,193,99,94,475.1887384202702,550.7823685615867,-75.59363014131651,0.3083,0.8628,5.5635,2.8538,4.7999,-0.1591
2022-05-25,648,253,169,84,1015.426747324218,454.20127316527464,561.2254741589435,0.3904,2.2356,2.6876,1.7953,6.0084,0.5527
2022-05-26,409,172,82,90,406.8573819329377,201.96211201813225,204.89526991480545,0.4205,2.0145,2.463,1.1742,4.9617,0.5036
2022-05-27,701,643,588,55,1789.024431055905,384.17365927063895,1404.8507717852665,0.9173,4.6568,0.6534,0.5975,3.0426,0.7853
2022-05-28,323,124,73,51,484.4637586068747,555.6770467739918,-71.21328816711713,0.3839,0.8718,7.612,4.4813,6.6365,-0.147
2022-05-29,31,27,19,8,48.967031488745974,54.13953411517567,-5.172502626429697,0.871,0.9045,2.8494,2.0052,2.5772,-0.1056
2022-05-30,576,182,88,94,738.5556586746756,256.6256467490515,481.93001192562406,0.316,2.8779,2.9162,1.41,8.3927,0.6525
2022-05-31,28,19,11,8,35.64806017113383,10.153373999648936,25.494686171484897,0.6786,3.511,0.923,0.5344,3.2407,0.7152
2022-06-01,792,232,159,73,863.0760544628591,549.303613587345,313.7724408755141,0.2929,1.5712,3.4547,2.3677,5.4282,0.3636
2022-06-02,27,12,6,6,20.41787390097216,28.0701449150908,-7.652271014118639,0.4444,0.7274,4.6784,2.3392,3.403,-0.3748
2022-06-03,698,562,471,91,2152.902295681668,230.2989839188724,1922.6033117627956,0.8052,9.3483,0.489,0.4098,4.5709,0.893
2022-06-04,578,159,97,62,687.9197791956161,350.9251646061706,336.9946145894455,0.2751,1.9603,3.6178,2.2071,7.092,0.4899
2022-06-05,395,200,104,96,636.8961470675304,540.3645547655981,96.53159230193228,0.5063,1.1786,5.1958,2.7018,6.124,0.1516
2022-06-06,46,21,19,2,20.207333968389076,82.25707948011767,-62.04974551172859,0.4565,0.2457,4.3293,3.917,1.0635,-3.0707
2022-06-07,538,319,225,94,982.4528504345012,274.6191936086435,707.8336568258578,0.5929,3.5775,1.2205,0.8609,4.3665,0.7205
2022-06-08,574,450,380,70,2128.9884190773737,550.2903726919567,1578.698046385417,0.784,3.8688,1.4481,1.2229,5.6026,0.7415
2022-06-09,18,12,11,1,9.005688902613493,18.74841674773493,-9.742727845121436,0.6667,0.4803,1.7044,1.5624,0.8187,-1.0818
2022-06-10,422,203,114,89,483.5351298357386,432.34311864884654,51.19201118689199,0.481,1.1184,3.7925,2.1298,4.2415,0.1059
2022-06-11,537,243,164,79,571.9878944278339,587.4026018915818,-15.414707463747844,0.4525,0.9738,3.5817,2.4173,3.4877,-0.0269
2022-06-12,788,153,98,55,440.40110634709833,318.54059869396224,121.8605076531361,0.1942,1.3826,3.2504,2.082,4.4939,0.2767
2022-06-13,445,319,233,86,1431.6985905897473,318.8907441558769,1112.8078464338705,0.7169,4.4896,1.3686,0.9997,6.1446,0.7773
2022-06-14,538,238,161,77,1167.0585416128365,482.3162944400669,684.7422471727696,0.4424,2.4197,2.9958,2.0265,7.2488,0.5867
2022-06-15,583,119,62,57,312.15702305270617,425.1339303087907,-112.97690725608452,0.2041,0.7343,6.857,3.5726,5.0348,-0.3619
2022-06-16,557,378,298,80,1495.4735240378832,296.63977235165385,1198.833751686229,0.6786,5.0414,0.9954,0.7848,5.0184,0.8016
2022-06-17,18,12,3,9,13.837497715403032,31.800484654695545,-17.962986939292513,0.6667,0.4351,10.6002,2.65,4.6125,-1.2981
2022-06-18,334,266,173,93,1308.9956812798546,375.3388772276629,933.6568040521915,0.7964,3.4875,2.1696,1.411,7.5664,0.7133
2022-06-19,523,171,106,65,432.405963819652,511.7125821723963,-79.30661835274435,0.327,0.845,4.8275,2.9925,4.0793,-0.1834
2022-06-20,700,411,348,63,1428.437979108361,279.48710763691815,1148.9508714714432,0.5871,5.1109,0.8031,0.68,4.1047,0.8043
2022-06-21,393,199,127,72,636.5847434759175,211.59341144304796,424.9913320328696,0.5064,3.0085,1.6661,1.0633,5.0125,0.6676
2022-06-22,438,365,287,78,1767.689062254376,527.1846020423707,1240.5044602120054,0.8333,3.3531,1.8369,1.4443,6.1592,0.7018
2022-06-23,332,160,100,60,778.1203759537158,317.25960409550845,460.8607718582074,0.4819,2.4526,3.1726,1.9829,7.7812,0.5923
2022-06-24,332,328,278,50,1201.6502389721584,267.42107043391,934.2291685382484,0.988,4.4935,0.9619,0.8153,4.3225,0.7775
2022-06-25,11,11,3,8,14.662419505522278,15.625041023868082,-0.962621518345804,1.0,0.9384,5.2083,1.4205,4.8875,-0.0657
2022-06-26,557,421,346,75,1049.2089850628754,456.38737881872936,592.8216062441461,0.7558,2.2989,1.319,1.0841,3.0324,0.565
2022-06-27,680,103,48,55,326.66967287269244,298.7132918432828,27.95638102940967,0.1515,1.0936,6.2232,2.9001,6.8056,0.0856
2022-06-28,354,231,172,59,874.9123624188468,512.4234713727951,362.48889104605166,0.6525,1.7074,2.9792,2.2183,5.0867,0.4143
2022-06-29,478,214,125,89,541.7631804206843,535.6667672125332,6.096413208151148,0.4477,1.0114,4.2853,2.5031,4.3341,0.0113
2022-06-30,764,395,326,69,1836.3545958682728,466.0755525723294,1370.2790432959432,0.517,3.94,1.4297,1.1799,5.633,0.7462
2022-07-01,455,434,371,63,1732.1000151817557,358.1561342090048,1373.9438809727508,0.9538,4.8362,0.9654,0.8252,4.6687,0.7932
2022-07-02,611,239,158,81,996.0365656830172,360.51874365230424,635.5178220307129,0.3912,2.7628,2.2818,1.5084,6.304,0.638
2022-07-03,11,11,9,2,5.765256038573246,17.489648397696186,-11.72439235912294,1.0,0.3296,1.9433,1.59,0.6406,-2.0336
2022-07-04,30,21,18,3,24.014513629311587,25.26634459863294,-1.2518309693213538,0.7,0.9505,1.4037,1.2032,1.3341,-0.0521
2022-07-05,466,123,51,72,383.63581080907153,390.2493350525025,-6.613524243430959,0.2639,0.9831,7.6519,3.1728,7.5223,-0.0172
2022-07-06,759,641,557,84,2990.051345205621,266.3894509667413,2723.66189423888,0.8445,11.2244,0.4783,0.4156,5.3681,0.9109
2022-07-07,451,402,312,90,1185.3255475586031,546.0441972321134,639.2813503264897,0.8914,2.1708,1.7501,1.3583,3.7991,0.5393
2022-07-08,43,32,24,8,44.1401718213332,71.35915423442677,-27.21898241309357,0.7442,0.6186,2.9733,2.23,1.8392,-0.6166
2022-07-09,720,165,104,61,543.6027000216218,461.8720736350244,81.73062638659741,0.2292,1.177,4.4411,2.7992,5.2269,0.1503
2022-07-10,725,194,107,87,669.0641990869242,471.3741093279775,197.69008975894667,0.2676,1.4194,4.4054,2.4298,6.2529,0.2955
2022-07-11,736,599,526,73,2314.522953404541,214.61832430399724,2099.904629100544,0.8139,10.7844,0.408,0.3583,4.4002,0.9073
2022-07-12,796,412,327,85,1874.2982250050568,252.60388462374237,1621.6943403813143,0.5176,7.4199,0.7725,0.6131,5.7318,0.8652
2022-07-13,36,21,13,8,25.98295688625985,10.241449957005296,15.741506929254554,0.5833,2.537,0.7878,0.4877,1.9987,0.6058
2022-07-14,473,469,414,55,1155.4429919197073,475.512628989853,679.9303629298543,0.9915,2.4299,1.1486,1.0139,2.7909,0.5885
2022-07-15,653,139,39,100,337.55795046951613,446.7834754988707,-109.22552502935464,0.2129,0.7555,11.456,3.2143,8.6553,-0.3236
2022-07-16,787,369,278,91,1622.5302754324066,517.3268704571656,1105.203404975241,0.4689,3.1364,1.8609,1.402,5.8364,0.6812
2022-07-17,719,187,88,99,892.3079005302399,597.4501003773787,294.85780015286116,0.2601,1.4935,6.7892,3.1949,10.1399,0.3304
2022-07-18,687,423,355,68,2066.761633398689,465.6566955066375,1601.104937892051,0.6157,4.4384,1.3117,1.1008,5.8219,0.7747
2022-07-19,480,184,128,56,788.309253987608,416.9784608333795,371.33079315422856,0.3833,1.8905,3.2576,2.2662,6.1587,0.471
2022-07-20,595,522,444,78,1354.6542001906116,253.8052936777111,1100.8489065129006,0.8773,5.3374,0.5716,0.4862,3.051,0.8126
2022-07-21,686,238,171,67,661.6921043989439,203.23972493232552,458.4523794666184,0.3469,3.2557,1.1885,0.8539,3.8695,0.6928
2022-07-22,358,350,262,88,839.0624775234726,509.4499242975818,329.6125532258908,0.9777,1.647,1.9445,1.4556,3.2025,0.3928
2022-07-23,588,269,187,82,854.0752524418648,254.4668644202316,599.6083880216331,0.4575,3.3563,1.3608,0.946,4.5672,0.7021
2022-07-24,716,318,219,99,923.5548703554924,330.3318898301095,593.222980525383,0.4441,2.7958,1.5084,1.0388,4.2171,0.6423
2022-07-25,699,313,223,90,1114.7428095806788,526.4177493112469,588.3250602694319,0.4478,2.1176,2.3606,1.6818,4.9988,0.5278
2022-07-26,342,261,176,85,843.3995441943683,376.0355527035989,467.3639914907694,0.7632,2.2429,2.1366,1.4407,4.792,0.5541
2022-07-27,461,199,108,91,965.0104501848674,203.64070550898225,761.3697446758852,0.4317,4.7388,1.8856,1.0233,8.9353,0.789
2022-07-28,29,25,15,10,26.205624098239458,31.300831767864096,-5.095207669624642,0.8621,0.8372,2.0867,1.252,1.747,-0.1944
2022-07-29,50,12,10,2,21.04013558935705,98.10624220586466,-77.06610661650761,0.24,0.2145,9.8106,8.1755,2.104,-3.6628
2022-07-30,358,242,168,74,1019.7880087660856,275.1756030566802,744.6124057094054,0.676,3.706,1.638,1.1371,6.0702,0.7302
2022-07-31,21,10,1,9,9.29307871125124,95.8552390450771,-86.56216033382586,0.4762,0.0969,95.8552,9.5855,9.2931,-9.3147
2022-08-01,493,134,42,92,295.30470087283504,234.14080334637407,61.16389752646097,0.2718,1.2612,5.5748,1.7473,7.0311,0.2071
2022-08-02,322,142,72,70,523.4434996183007,219.19657538166257,304.24692423663816,0.441,2.388,3.0444,1.5436,7.27,0.5812
2022-08-03,42,41,32,9,24.301532257182856,98.77783537009228,-74.47630311290942,0.9762,0.246,3.0868,2.4092,0.7594,-3.0647
2022-08-04,641,450,355,95,1003.6457080931452,493.0567062557949,510.5890018373503,0.702,2.0356,1.3889,1.0957,2.8272,0.5087
2022-08-05,709,422,348,74,999.380453177156,490.1277411989078,509.252711978248,0.5952,2.039,1.4084,1.1614,2.8718,0.5096
2022-08-06,390,269,188,81,756.8811313620157,383.54486190035936,373.33626946165634,0.6897,1.9734,2.0401,1.4258,4.026,0.4933
2022-08-07,27,14,12,2,26.605653589467,51.73790721843974,-25.132253628972737,0.5185,0.5142,4.3115,3.6956,2.2171,-0.9446
2022-08-08,462,402,338,64,1444.4483416622234,525.9253709898641,918.5229706723592,0.8701,2.7465,1.556,1.3083,4.2735,0.6359
2022-08-09,33,28,22,6,33.43622147652489,81.27464513139775,-47.838423654872855,0.8485,0.4114,3.6943,2.9027,1.5198,-1.4307
2022-08-10,380,200,117,83,994.8642745691064,462.4708303960987,532.3934441730078,0.5263,2.1512,3.9527,2.3124,8.5031,0.5351
2022-08-11,640,619,546,73,2679.379418307196,292.15776086903344,2387.2216574381623,0.9672,9.171,0.5351,0.472,4.9073,0.891
2022-08-12,318,298,221,77,1383.159268956005,226.1629527170957,1156.9963162389097,0.9371,6.1158,1.0234,0.7589,6.2586,0.8365
2022-08-13,515,448,351,97,989.5328764141452,208.67262925908335,780.8602471550618,0.8699,4.742,0.5945,0.4658,2.8192,0.7891
2022-08-14,718,179,105,74,729.8373631894509,469.80868308008417,260.02868010936675,0.2493,1.5535,4.4744,2.6246,6.9508,0.3563
2022-08-15,738,699,613,86,1652.6374999371176,518.5693392686903,1134.0681606684273,0.9472,3.1869,0.846,0.7419,2.696,0.6862
2022-08-16,570,498,407,91,1897.6617738317784,375.1582660102752,1522.5035078215035,0.8737,5.0583,0.9218,0.7533,4.6626,0.8023
2022-08-17,328,311,219,92,975.8810135501564,266.62868078690923,709.2523327632473,0.9482,3.6601,1.2175,0.8573,4.4561,0.7268
2022-08-18,418,345,261,84,1075.4644083793892,390.1109149240464,685.3534934553428,0.8254,2.7568,1.4947,1.1308,4.1206,0.6373
2022-08-19,11,10,10,0,6.665497891881651,50.46837242156443,-43.80287452968278,0.9091,0.1321,5.0468,5.0468,0.6665,-6.5716
2022-08-20,530,117,49,68,384.6251145811451,431.22042313410014,-46.59530855295503,0.2208,0.8919,8.8004,3.6856,7.8495,-0.1211
2022-08-21,13,13,10,3,24.16897715726682,60.14499840213855,-35.97602124487173,1.0,0.4018,6.0145,4.6265,2.4169,-1.4885
2022-08-22,466,282,230,52,822.8298719688145,385.6202108903623,437.2096610784522,0.6052,2.1338,1.6766,1.3674,3.5775,0.5313
2022-08-23,373,134,44,90,598.2639621130672,544.4609912538862,53.80297085918107,0.3592,1.0988,12.3741,4.0631,13.5969,0.0899
2022-08-24,705,651,578,73,2287.278160417688,414.935451289841,1872.342709127847,0.9234,5.5124,0.7179,0.6374,3.9572,0.8186
2022-08-25,39,32,27,5,21.80052198465217,94.28662105738437,-72.48609907273217,0.8205,0.2312,3.4921,2.9465,0.8074,-3.325
2022-08-26,480,303,205,98,669.9953597951535,545.6594690594418,124.3358907357117,0.6312,1.2279,2.6618,1.8009,3.2683,0.1856
2022-08-27,26,20,12,8,23.4484837078511,30.27424789900499,-6.82576419115389,0.7692,0.7745,2.5229,1.5137,1.954,-0.2911
2022-08-28,452,448,387,61,1148.656592087786,353.80250792735114,794.8540841604349,0.9912,3.2466,0.9142,0.7897,2.9681,0.692
2022-08-29,415,102,15,87,503.88934364951825,289.6623578649375,214.22698578458073,0.2458,1.7396,19.3108,2.8398,33.5926,0.4251
2022-08-30,410,267,197,70,597.3950924034986,239.17710540963984,358.21798699385874,0.6512,2.4977,1.2141,0.8958,3.0325,0.5996
2022-08-31,591,512,419,93,2357.598377396808,319.71614598597716,2037.882231410831,0.8663,7.374,0.763,0.6244,5.6267,0.8644
2022-09-01,566,444,368,76,2160.470771219349,421.824172553623,1738.646598665726,0.7845,5.1217,1.1463,0.9501,5.8708,0.8048
2022-09-02,340,216,165,51,485.8564332587716,313.82368823538695,172.03274502338462,0.6353,1.5482,1.902,1.4529,2.9446,0.3541
2022-09-03,643,163,77,86,634.1706017644058,210.2544306303753,423.9161711340305,0.2535,3.0162,2.7306,1.2899,8.236,0.6685
2022-09-04,738,104,27,77,381.7594257955616,476.4137968674189,-94.65437107185733,0.1409,0.8013,17.645,4.5809,14.1392,-0.2479
2022-09-05,39,33,29,4,57.775610760206945,59.231060586645214,-1.4554498264382687,0.8462,0.9754,2.0425,1.7949,1.9923,-0.0252
2022-09-06,16,12,9,3,13.19994141374237,29.94540329309335,-16.74546187935098,0.75,0.4408,3.3273,2.4955,1.4667,-1.2686
2022-09-07,340,182,101,81,421.52676047247826,453.2310912537593,-31.704330781280987,0.5353,0.93,4.4874,2.4903,4.1735,-0.0752
2022-09-08,663,366,268,98,1740.108473487028,290.3665102519077,1449.7419632351202,0.552,5.9928,1.0835,0.7934,6.4929,0.8331
2022-09-09,39,13,10,3,22.068267464706093,82.43379897953632,-60.365531514830224,0.3333,0.2677,8.2434,6.3411,2.2068,-2.7354
2022-09-10,620,321,238,83,1532.245057089548,473.2298284798713,1059.0152286096768,0.5177,3.2378,1.9884,1.4742,6.438,0.6912
2022-09-11,402,191,126,65,563.9403390923633,367.0914066237369,196.8489324686264,0.4751,1.5362,2.9134,1.9219,4.4757,0.3491
2022-09-12,46,15,14,1,10.29675697973958,23.14201608485175,-12.845259105112175,0.3261,0.4449,1.653,1.5428,0.7355,-1.2475
2022-09-13,29,22,16,6,18.264868644529965,37.35038912189741,-19.08552047736744,0.7586,0.489,2.3344,1.6977,1.1416,-1.0449
2022-09-14,43,41,39,2,63.32848221083931,79.43598394716372,-16.10750173632441,0.9535,0.7972,2.0368,1.9375,1.6238,-0.2543
2022-09-15,29,27,23,4,31.85099631633599,96.24875295474548,-64.39775663840949,0.931,0.3309,4.1847,3.5648,1.3848,-2.0218
2022-09-16,45,17,17,0,16.89963960763227,79.97518828388027,-63.075548676248005,0.3778,0.2113,4.7044,4.7044,0.9941,-3.7324
2022-09-17,426,211,124,87,993.5600848992616,467.6021527312867,525.9579321679747,0.4953,2.1248,3.771,2.2161,8.0126,0.5294
2022-09-18,673,450,369,81,1320.02632058266,311.71312261913926,1008.3131979635208,0.6686,4.2347,0.8448,0.6927,3.5773,0.7639
2022-09-19,680,129,45,84,545.5818587624843,326.7631463380443,218.81871242444004,0.1897,1.6697,7.2614,2.533,12.124,0.4011
2022-09-20,336,277,208,69,1275.8308658428143,474.74686371270695,801.0840021301076,0.8244,2.6874,2.2824,1.7139,6.1338,0.6279
2022-09-21,49,18,16,2,33.92395023083381,80.99089997487229,-47.06694974403848,0.3673,0.4189,5.0619,4.4995,2.1202,-1.3874
2022-09-22,602,561,482,79,2143.1037867351006,384.68737314310494,1758.4164135919957,0.9319,5.571,0.7981,0.6857,4.4463,0.8205
2022-09-23,383,123,66,57,409.458512684584,546.0237078587749,-136.56519517419088,0.3211,0.7499,8.2731,4.4392,6.2039,-0.3335
2022-09-24,337,309,217,92,619.2614316701078,382.89446451343866,236.3669671566691,0.9169,1.6173,1.7645,1.2391,2.8537,0.3817
2022-09-25,533,518,442,76,2097.220198241981,237.0472563513124,1860.1729418906689,0.9719,8.8473,0.5363,0.4576,4.7448,0.887
2022-09-26,374,176,114,62,635.8477234742396,572.9990057184214,62.84871775581826,0.4706,1.1097,5.0263,3.2557,5.5776,0.0988
2022-09-27,437,188,123,65,794.8363778118136,439.68990560728673,355.14647220452684,0.4302,1.8077,3.5747,2.3388,6.4621,0.4468
2022-09-28,647,611,544,67,1802.0978638160684,413.2424129935261,1388.8554508225425,0.9444,4.3609,0.7596,0.6763,3.3127,0.7707
2022-09-29,469,301,223,78,1439.846399128403,407.9383842225493,1031.9080149058536,0.6418,3.5296,1.8293,1.3553,6.4567,0.7167
2022-09-30,44,10,7,3,18.205043881717785,65.94697603994848,-47.741932158230696,0.2273,0.2761,9.421,6.5947,2.6007,-2.6225
2022-10-01,450,158,84,74,732.3477221656676,581.1025443472578,151.24517781840984,0.3511,1.2603,6.9179,3.6779,8.7184,0.2065
2022-10-02,394,363,273,90,1360.6003287110443,262.20682136212537,1098.3935073489192,0.9213,5.189,0.9605,0.7223,4.9839,0.8073
2022-10-03,519,400,334,66,1869.0721440276543,503.5314304607696,1365.5407135668847,0.7707,3.7119,1.5076,1.2588,5.596,0.7306
2022-10-04,303,126,36,90,608.4542747418252,218.5469071301946,389.9073676116306,0.4158,2.7841,6.0707,1.7345,16.9015,0.6408
2022-10-05,649,540,453,87,2129.67205944167,497.86850120498025,1631.80355823669,0.832,4.2776,1.099,0.922,4.7013,0.7662
2022-10-06,397,154,74,80,349.31782418579445,571.9648904670798,-222.6470662812854,0.3879,0.6107,7.7293,3.7141,4.7205,-0.6374
2022-10-07,501,177,109,68,803.232129882477,305.43724902856,497.794880853917,0.3533,2.6298,2.8022,1.7256,7.3691,0.6197
2022-10-08,18,17,15,2,19.6523346362219,71.047993652841,-51.3956590166191,0.9444,0.2766,4.7365,4.1793,1.3102,-2.6152
2022-10-09,671,271,197,74,664.2525485287939,569.9775784099969,94.274970118797,0.4039,1.1654,2.8933,2.1032,3.3718,0.1419
2022-10-10,782,120,34,86,298.78209316246415,265.5721288898271,33.20996427263702,0.1535,1.1251,7.8109,2.2131,8.7877,0.1112
2022-10-11,26,15,9,6,16.08369152024369,94.54109587103798,-78.45740435079429,0.5769,0.1701,10.5046,6.3027,1.7871,-4.8781
2022-10-12,637,606,513,93,2237.6513462072867,324.2392841656442,1913.4120620416425,0.9513,6.9012,0.632,0.535,4.3619,0.8551
2022-10-13,663,323,266,57,953.5614773903114,347.1313069397603,606.4301704505511,0.4872,2.747,1.305,1.0747,3.5848,0.636
2022-10-14,660,198,118,80,686.4931985620527,385.97431032350255,300.5188882385502,0.3,1.7786,3.271,1.9494,5.8177,0.4378
2022-10-15,765,552,481,71,1358.8991414466618,428.6571054314917,930.24203601517,0.7216,3.1701,0.8912,0.7766,2.8252,0.6846
2022-10-16,774,729,673,56,2491.615599290974,587.0532461013879,1904.562353189586,0.9419,4.2443,0.8723,0.8053,3.7023,0.7644
2022-10-17,21,14,14,0,16.765286530084488,47.44637338803332,-30.68108685794883,0.6667,0.3534,3.389,3.389,1.1975,-1.83
2022-10-18,33,28,23,5,40.79602009986608,13.246550464263624,27.549469635602453,0.8485,3.0797,0.5759,0.4731,1.7737,0.6753
2022-10-19,418,169,101,68,346.2283575680227,215.71749142531985,130.51086614270287,0.4043,1.605,2.1358,1.2764,3.428,0.377
2022-10-20,447,379,300,79,925.448613388234,407.8582677576727,517.5903456305612,0.8479,2.269,1.3595,1.0761,3.0848,0.5593
2022-10-21,19,18,18,0,33.425944838069206,58.76773780026194,-25.341792962192734,0.9474,0.5688,3.2649,3.2649,1.857,-0.7581
2022-10-22,768,349,267,82,1082.7705970061531,290.8586368586261,791.911960147527,0.4544,3.7227,1.0894,0.8334,4.0553,0.7314
2022-10-23,372,348,255,93,1196.314814032915,559.7876303028315,636.5271837300832,0.9355,2.1371,2.1952,1.6086,4.6914,0.5321
2022-10-24,300,227,148,79,741.1204496612697,379.8938042998945,361.2266453613752,0.7567,1.9509,2.5669,1.6735,5.0076,0.4874
2022-10-25,492,103,26,77,212.7447122720562,409.1221065799798,-196.3773943079236,0.2093,0.52,15.7355,3.9721,8.1825,-0.9231
2022-10-26,689,576,509,67,2207.6441639425493,584.1275797990738,1623.5165841434757,0.836,3.7794,1.1476,1.0141,4.3372,0.7354
2022-10-27,683,570,490,80,1604.3472109732486,361.19128687837895,1243.1559240948695,0.8346,4.4418,0.7371,0.6337,3.2742,0.7749
2022-10-28,482,133,82,51,297.36696535947607,298.0769841671674,-0.7100188076913128,0.2759,0.9976,3.6351,2.2412,3.6264,-0.0024
2022-10-29,390,260,200,60,1215.2982758196122,559.5782433909815,655.7200324286307,0.6667,2.1718,2.7979,2.1522,6.0765,0.5396
2022-10-30,543,506,452,54,2277.273781499315,436.5958579072612,1840.677923592054,0.9319,5.216,0.9659,0.8628,5.0382,0.8083
2022-10-31,742,619,569,50,1384.5407316707915,529.1309148696109,855.4098168011808,0.8342,2.6166,0.9299,0.8548,2.4333,0.6178
2022-11-01,480,294,224,70,1082.6935014067867,281.72700200507353,800.9664994017132,0.6125,3.8431,1.2577,0.9583,4.8335,0.7398
2022-11-02,665,215,122,93,793.1412092176896,324.71551067454783,468.4256985431418,0.3233,2.4426,2.6616,1.5103,6.5012,0.5906
2022-11-03,500,232,177,55,1005.117936434278,330.92450547665476,674.1934309576231,0.464,3.0373,1.8696,1.4264,5.6786,0.6708
2022-11-04,635,457,362,95,1971.182168622564,520.4699866709279,1450.712181951636,0.7197,3.7873,1.4378,1.1389,5.4453,0.736
2022-11-05,26,23,23,0,41.24253622968657,53.22798622676983,-11.985449997083258,0.8846,0.7748,2.3143,2.3143,1.7932,-0.2906
2022-11-06,785,407,353,54,1766.4849976575033,496.0150655680533,1270.46993208945,0.5185,3.5614,1.4051,1.2187,5.0042,0.7192
2022-11-07,317,264,182,82,668.1822026358457,551.934942160821,116.24726047502465,0.8328,1.2106,3.0326,2.0907,3.6713,0.174
2022-11-08,606,263,173,90,942.1289686158152,320.91770263189295,621.2112659839222,0.434,2.9357,1.855,1.2202,5.4458,0.6594
2022-11-09,378,275,176,99,774.7133063310707,237.9658552476509,536.7474510834198,0.7275,3.2556,1.3521,0.8653,4.4018,0.6928
2022-11-10,577,538,441,97,2598.496348913286,258.3772622246846,2340.1190866886013,0.9324,10.057,0.5859,0.4803,5.8923,0.9006
2022-11-11,22,22,20,2,40.86705702767778,79.89757288854686,-39.03051586086908,1.0,0.5115,3.9949,3.6317,2.0434,-0.9551
2022-11-12,732,305,217,88,858.2275761311818,212.5104275868696,645.7171485443122,0.4167,4.0385,0.9793,0.6968,3.955,0.7524
2022-11-13,15,11,8,3,15.427237313541712,91.73438546097192,-76.3071481474302,0.7333,0.1682,11.4668,8.3395,1.9284,-4.9463
2022-11-14,400,303,251,52,852.6958401593336,244.30466244072085,608.3911777186127,0.7575,3.4903,0.9733,0.8063,3.3972,0.7135
2022-11-15,475,204,133,71,995.5679339105308,446.89866340481393,548.6692705057169,0.4295,2.2277,3.3601,2.1907,7.4855,0.5511
2022-11-16,658,242,143,99,491.29199717411103,565.5385419517361,-74.24654477762505,0.3678,0.8687,3.9548,2.3369,3.4356,-0.1511
2022-11-17,424,395,330,65,947.7276419513474,243.22599110164873,704.5016508496988,0.9316,3.8965,0.737,0.6158,2.8719,0.7434
2022-11-18,14,10,4,6,10.111687043596069,71.98261100787671,-61.87092396428064,0.7143,0.1405,17.9957,7.1983,2.5279,-6.1188
2022-11-19,341,160,71,89,586.8798892014714,576.3002135291684,10.579675672302985,0.4692,1.0184,8.1169,3.6019,8.2659,0.018
2022-11-20,23,14,10,4,15.66966177062588,44.25834149535276,-28.58867972472688,0.6087,0.354,4.4258,3.1613,1.567,-1.8245
2022-11-21,40,35,30,5,33.16745574296267,15.813875091364114,17.35358065159856,0.875,2.0974,0.5271,0.4518,1.1056,0.5232
2022-11-22,649,254,162,92,566.6361353160419,486.1611627373677,80.47497257867423,0.3914,1.1655,3.001,1.914,3.4978,0.142
2022-11-23,766,361,286,75,1052.173192150456,368.7310087581249,683.4421833923311,0.4713,2.8535,1.2893,1.0214,3.6789,0.6496
2022-11-24,601,178,86,92,693.0361976118231,449.52685895195384,243.5093386598693,0.2962,1.5417,5.2271,2.5254,8.0586,0.3514
2022-11-25,336,101,42,59,333.6413423044959,545.570495457415,-211.92915315291907,0.3006,0.6115,12.9898,5.4017,7.9438,-0.6352
2022-11-26,706,469,415,54,1875.9514063114973,503.7194048715088,1372.2320014399884,0.6643,3.7242,1.2138,1.074,4.5204,0.7315
2022-11-27,655,449,389,60,1247.9564369705874,273.4578163800761,974.4986205905112,0.6855,4.5636,0.703,0.609,3.2081,0.7809
2022-11-28,374,197,125,72,453.5312767290039,337.8396393850885,115.69163734391536,0.5267,1.3424,2.7027,1.7149,3.6283,0.2551
2022-11-29,650,434,376,58,1851.682015892392,507.23722353211207,1344.4447923602802,0.6677,3.6505,1.349,1.1687,4.9247,0.7261
2022-11-30,32,26,21,5,38.146270888148685,98.8419866171538,-60.69571572900512,0.8125,0.3859,4.7068,3.8016,1.8165,-1.5911
2022-12-01,578,164,84,80,732.6324819879858,360.0449907422908,372.587491245695,0.2837,2.0348,4.2862,2.1954,8.7218,0.5086
2022-12-02,588,347,253,94,1516.8558529719023,530.7580923790521,986.0977605928502,0.5901,2.8579,2.0979,1.5296,5.9955,0.6501
2022-12-03,465,169,77,92,549.748893517876,208.4735537950262,341.2753397228498,0.3634,2.637,2.7074,1.2336,7.1396,0.6208
2022-12-04,27,17,7,10,8.555070811411234,44.03574670974599,-35.48067589833476,0.6296,0.1943,6.2908,2.5903,1.2222,-4.1473
2022-12-05,492,271,207,64,1286.8807165705527,216.84541811167932,1070.0352984588735,0.5508,5.9346,1.0476,0.8002,6.2168,0.8315
2022-12-06,17,14,7,7,15.38260507249594,96.18301105598655,-80.80040598349062,0.8235,0.1599,13.7404,6.8702,2.1975,-5.2527
2022-12-07,551,485,400,85,1393.759171484861,582.1158409447912,811.6433305400701,0.8802,2.3943,1.4553,1.2002,3.4844,0.5823
2022-12-08,499,386,329,57,1878.9281365128431,207.5723756348409,1671.3557608780025,0.7735,9.0519,0.6309,0.5378,5.711,0.8895
2022-12-09,31,27,23,4,28.931473697937143,64.64611852883681,-35.714644830899665,0.871,0.4475,2.8107,2.3943,1.2579,-1.2345
2022-12-10,323,179,122,57,382.7868579469145,237.1911504899752,145.5957074569393,0.5542,1.6138,1.9442,1.3251,3.1376,0.3804
2022-12-11,26,15,8,7,25.747408631027387,72.10960852655852,-46.362199895531134,0.5769,0.3571,9.0137,4.8073,3.2184,-1.8007
2022-12-12,50,31,25,6,50.04595986566746,27.279216703564572,22.76674316210289,0.62,1.8346,1.0912,0.88,2.0018,0.4549
2022-12-13,489,457,403,54,966.0962498093908,460.5428665150921,505.5533832942988,0.9346,2.0977,1.1428,1.0078,2.3973,0.5233
2022-12-14,33,14,11,3,9.1459084341057,87.42840416692911,-78.2824957328234,0.4242,0.1046,7.948,6.2449,0.8314,-8.5593
2022-12-15,601,419,340,79,1298.6374284273568,536.6367716591949,762.0006567681619,0.6972,2.42,1.5783,1.2808,3.8195,0.5868
2022-12-16,536,434,334,100,1079.9657849488235,582.9072873878885,497.0584975609353,0.8097,1.8527,1.7452,1.3431,3.2334,0.4603
2022-12-17,611,575,495,80,1162.2700339129278,202.85786002526,959.4121738876678,0.9411,5.7295,0.4098,0.3528,2.348,0.8255
2022-12-18,526,247,191,56,545.6986640183864,488.8592065487355,56.83945746965088,0.4696,1.1163,2.5595,1.9792,2.8571,0.1042
2022-12-19,347,307,221,86,824.544998827501,244.99698498597212,579.5480138415289,0.8847,3.3655,1.1086,0.798,3.731,0.7029
2022-12-20,311,141,87,54,362.7851414857934,404.39257695825455,-41.607435472461134,0.4534,0.8971,4.6482,2.868,4.1699,-0.1147
2022-12-21,534,247,190,57,958.9123005349214,239.58642768737852,719.3258728475429,0.4625,4.0024,1.261,0.97,5.0469,0.7501
2022-12-22,432,354,280,74,1004.3919769659906,218.32746884695945,786.0645081190312,0.8194,4.6004,0.7797,0.6167,3.5871,0.7826
2022-12-23,16,13,9,4,14.170609571062284,16.93518254177896,-2.764572970716676,0.8125,0.8368,1.8817,1.3027,1.5745,-0.1951
2022-12-24,370,134,56,78,321.7092621342971,342.56645222008234,-20.85719008578525,0.3622,0.9391,6.1173,2.5565,5.7448,-0.0648
2022-12-25,722,689,612,77,2584.885010439907,269.69553726348164,2315.1894731764255,0.9543,9.5845,0.4407,0.3914,4.2237,0.8957
2022-12-26,46,24,22,2,39.67731628397209,82.30212147105296,-42.62480518708087,0.5217,0.4821,3.741,3.4293,1.8035,-1.0743
2022-12-27,660,453,363,90,1999.9127136448571,447.7354013581454,1552.1773122867116,0.6864,4.4667,1.2334,0.9884,5.5094,0.7761
2022-12-28,429,181,90,91,772.6810035215431,417.5693796182396,355.11162390330344,0.4219,1.8504,4.6397,2.307,8.5853,0.4596
2022-12-29,571,434,348,86,1343.329558012935,471.44115921430904,871.888398798626,0.7601,2.8494,1.3547,1.0863,3.8601,0.6491
2022-12-30,31,20,13,7,29.757997895978452,46.448122842813554,-16.690124946835102,0.6452,0.6407,3.5729,2.3224,2.2891,-0.5609
2022-12-31,407,302,202,100,1327.331635424365,357.7319229260198,969.5997124983452,0.742,3.7104,1.771,1.1845,6.5709,0.7305
